1,2,3,4,5,6,7,7,7,8,9,9,10,10,11,12,13,13,14,14,5115936,
1,2,3,4,4,4,5,6,6,7,7,8,9,10,11,12,13,14,15,16,4981762,
1,2,2,3,3,4,5,6,7,7,7,7,7,7,7,7,8,8,8,8,6385881,
1,2,3,4,5,6,7,8,8,9,10,11,12,12,12,13,13,13,13,13,6899996,
1,2,2,3,4,4,4,5,5,5,5,5,5,5,6,6,6,6,7,7,5277024,
1,2,2,3,4,4,5,6,7,8,9,9,10,10,11,12,12,12,12,12,7685401,
1,2,3,3,4,5,6,7,7,7,7,8,8,8,8,9,10,10,11,11,6280553,
0,1,1,1,1,1,1,1,1,1,1,1,1,1,1,1,1,1,1,1,4871079,
1,2,3,4,5,6,7,8,9,9,9,10,11,12,13,13,13,14,15,16,8125833,
1,2,2,2,2,2,2,2,2,2,3,3,3,4,4,4,4,4,4,4,4811876,
1,2,2,3,3,4,5,6,6,7,7,7,8,9,9,9,9,9,9,10,6372896,
1,2,3,4,5,6,7,8,9,10,11,11,12,13,13,13,13,14,14,15,7642555,
0,1,1,2,3,4,4,4,5,5,5,5,6,7,7,7,8,8,8,8,6422763,
1,1,2,3,4,4,4,5,6,6,6,6,6,6,6,7,7,7,7,7,6853548,
1,1,1,2,2,3,4,4,4,4,5,6,6,6,7,8,9,9,9,10,7504786,
1,2,3,3,4,4,5,6,7,7,7,7,7,7,7,7,7,7,7,7,6424163,
1,2,3,4,4,5,6,6,6,7,7,8,8,8,8,9,10,11,11,12,7751389,
0,0,0,1,1,1,1,1,1,1,1,1,1,1,1,1,1,1,1,1,4271737,
1,2,2,2,2,2,2,3,4,4,4,5,6,7,7,7,8,8,8,8,7107368,
1,2,3,4,5,5,6,7,8,8,9,10,10,10,10,11,11,12,12,12,5266285,
0,1,2,3,3,4,5,6,6,6,6,6,6,6,6,6,6,6,6,6,4832307,
0,0,0,0,0,0,0,0,1,1,1,2,2,3,3,3,3,3,3,3,7883858,
1,2,2,2,2,2,3,3,4,4,4,4,4,4,4,4,4,4,4,4,6262523,
1,2,3,3,4,4,5,6,6,7,7,8,8,8,8,8,8,8,9,10,6140983,
1,2,2,3,4,4,5,6,6,6,7,7,8,8,9,10,11,11,12,12,6881246,
0,0,0,0,1,1,1,1,1,1,2,2,3,3,3,3,3,4,4,4,6186639,
0,0,0,0,0,0,0,0,0,0,0,0,0,0,0,0,0,0,0,0,7086415,
0,0,0,0,1,1,1,2,2,2,2,2,2,2,2,2,2,2,2,2,7130287,
0,1,1,1,1,1,1,1,1,1,1,1,1,1,2,2,2,2,3,3,8223581,
1,1,2,3,4,4,4,4,4,4,4,5,5,6,7,8,9,9,9,9,6305112,
1,2,2,2,2,2,2,2,2,2,3,3,3,3,3,3,3,3,3,3,4540020,
1,2,3,3,4,4,4,4,4,4,5,5,6,7,7,7,8,9,10,11,7270326,
0,1,2,3,4,5,6,7,7,8,9,10,11,11,12,13,14,15,16,16,8698408,
0,0,0,0,0,0,0,0,0,0,0,0,0,0,0,0,0,0,0,0,6037541,
1,1,1,2,3,4,5,6,6,6,7,7,8,8,8,8,8,9,9,9,6393946,
0,1,2,3,4,4,5,6,7,8,8,8,9,10,11,11,12,12,12,12,7253849,
1,1,1,2,3,3,4,4,4,4,4,4,4,4,4,4,4,4,4,4,6352540,
1,2,2,2,2,2,3,4,4,5,5,5,6,6,6,6,7,7,7,7,8642550,
1,2,3,4,4,4,4,4,4,5,5,5,5,5,5,5,5,5,6,6,6304914,
0,1,1,1,2,3,3,4,4,4,4,4,4,5,5,5,6,6,6,6,7204709,
1,1,1,1,1,2,2,3,4,4,4,4,4,4,4,4,4,4,4,4,4234792,
0,0,0,0,0,0,0,0,0,0,0,0,0,0,0,0,0,0,0,0,3995787,
1,2,3,4,4,5,6,7,8,9,10,10,10,11,11,12,12,12,12,13,5164621,
0,1,1,1,1,1,1,1,1,1,1,1,2,2,2,2,2,2,2,2,7644051,
1,1,1,1,2,3,3,3,3,3,3,4,4,5,6,7,8,8,8,8,6247617,
1,1,2,3,4,5,5,5,5,5,5,5,5,5,5,6,7,8,9,9,8544291,
0,1,2,2,3,3,3,3,3,3,4,4,4,4,4,5,6,6,6,6,7573837,
1,2,3,3,3,3,3,4,4,4,5,5,5,6,6,7,7,8,8,8,4835905,
0,0,0,0,0,0,0,0,0,0,0,1,2,2,2,3,3,3,3,3,6993353,
1,1,2,2,2,2,3,4,5,5,6,7,8,9,10,11,11,12,13,13,8246911,
1,2,3,4,5,6,7,8,9,10,11,12,13,14,15,16,17,18,19,20,7638088,
0,1,2,3,4,5,6,6,6,7,8,8,9,9,10,10,10,10,10,10,4837250,
1,1,1,1,1,2,3,3,3,3,4,4,4,4,4,4,4,4,4,4,8022962,
1,2,3,4,5,6,6,6,7,8,8,9,9,10,10,10,10,11,11,11,8257600,
0,0,0,0,0,0,0,0,0,0,0,0,0,0,0,0,0,0,0,0,8050841,
0,0,0,0,0,0,0,0,0,0,0,0,0,0,0,0,0,0,0,0,7576054,
0,1,2,2,2,3,4,4,4,4,5,6,7,8,8,8,9,9,9,9,7071358,
0,1,2,3,4,4,4,5,5,5,5,5,6,6,6,6,6,7,7,7,4225968,
1,2,3,3,4,4,4,5,6,7,8,9,10,11,11,12,12,13,14,15,6084056,
0,1,1,1,1,1,1,1,1,1,1,1,2,2,2,2,2,2,2,2,7221926,
0,1,1,1,1,1,1,1,1,1,1,1,1,1,1,1,2,2,2,2,4939260,
0,1,2,3,3,3,3,4,5,6,6,7,7,7,7,7,8,9,9,9,5252001,
0,0,0,0,0,0,0,0,0,0,0,0,0,0,0,0,0,0,0,0,6030789,
0,0,0,0,0,0,0,0,0,0,0,0,0,0,0,0,0,0,0,0,4066559,
0,1,1,1,1,2,2,2,2,2,2,2,2,2,2,2,2,2,2,2,7362760,
1,2,3,4,5,6,7,8,9,10,11,12,13,14,15,16,17,18,19,20,7311189,
0,0,0,0,0,0,0,0,0,0,0,0,0,0,0,0,0,0,0,0,7038218,
0,0,0,0,0,0,0,0,0,0,0,0,0,0,0,0,0,0,0,0,8193173,
0,1,2,2,2,2,2,2,2,2,2,2,2,3,3,3,3,3,4,4,6888916,
1,2,3,4,5,6,7,8,9,10,11,12,13,14,14,15,16,17,18,19,6459713,
1,1,1,1,1,1,2,3,3,4,4,5,6,6,6,7,7,7,8,9,7489227,
0,0,0,0,0,0,0,0,0,0,0,0,0,0,0,0,0,0,0,0,4115662,
0,1,1,1,1,1,1,2,2,2,3,4,5,5,5,6,6,6,7,7,4558389,
1,1,2,2,3,3,3,3,4,4,4,4,4,4,4,4,4,4,4,4,4917467,
1,2,3,4,4,4,5,5,6,7,7,7,7,7,7,8,9,10,11,11,7247752,
0,0,0,0,0,0,0,0,0,0,0,0,0,0,0,0,0,0,0,0,5037465,
1,1,2,3,4,5,5,5,5,5,5,5,5,5,5,5,6,7,8,8,8391518,
0,0,0,0,0,1,1,1,1,1,1,1,1,1,2,2,3,3,4,4,6867243,
1,1,2,2,2,2,2,2,3,3,4,4,4,4,5,5,5,5,5,5,5207370,
1,2,3,3,4,4,5,6,7,8,9,9,9,10,11,12,12,13,14,14,6662518,
1,1,1,2,2,2,2,3,3,4,4,4,4,5,6,7,7,7,7,7,7925091,
0,1,1,1,1,1,1,1,2,2,2,2,3,3,3,3,3,3,3,3,5158203,
0,0,0,0,0,0,0,0,0,0,0,1,1,2,3,3,4,4,4,4,6314101,
0,0,0,0,0,0,0,0,0,0,0,0,0,0,0,0,0,0,0,0,7345302,
0,0,0,0,1,1,2,3,3,3,4,4,4,4,4,4,4,4,4,4,5562371,
1,2,3,4,5,6,7,7,8,8,9,10,10,10,10,10,11,11,11,11,8744746,
0,0,0,1,1,1,1,1,1,1,1,1,1,1,1,1,1,1,1,1,7696281,
1,2,3,4,5,6,6,6,6,6,7,8,8,9,9,10,10,11,11,11,8436531,
1,1,2,2,3,3,4,5,5,5,6,7,8,9,9,10,10,10,10,10,4357678,
0,1,1,2,3,3,3,3,3,3,3,4,5,5,5,5,6,7,8,8,7209216,
1,1,1,1,1,2,2,2,2,2,2,2,2,2,2,2,2,2,2,2,7876167,
0,0,0,0,0,1,2,2,3,3,4,4,4,4,4,5,5,6,6,6,5513901,
1,1,1,2,3,3,3,4,4,4,4,4,4,4,4,4,4,4,4,4,8464316,
1,2,3,4,5,5,5,5,5,6,7,8,8,9,9,9,10,11,12,12,6568429,
0,0,1,1,1,1,1,2,2,3,4,5,5,6,6,6,6,6,6,6,8607820,
0,1,2,3,4,5,6,6,7,7,8,9,9,9,9,9,10,10,11,11,4625505,
1,2,3,4,5,6,7,8,9,10,11,12,13,14,15,16,17,18,19,20,4312117,
0,0,0,0,1,1,1,1,1,1,1,1,1,1,1,1,1,1,1,1,4547949,
0,0,0,0,0,0,0,0,1,1,1,2,2,2,2,3,3,3,3,3,5499774,
0,0,0,0,1,1,1,1,1,1,1,2,2,2,2,2,3,3,3,3,6400497,
0,0,0,0,0,0,0,0,0,0,0,0,0,0,0,0,0,0,0,0,7988140,
1,2,3,4,4,4,5,6,6,6,6,6,6,6,6,7,7,8,8,8,8378508,
0,0,0,0,0,0,0,0,0,0,0,0,0,0,0,0,0,0,0,0,4146326,
1,2,3,4,5,6,7,8,9,10,11,12,13,14,15,16,17,18,19,20,5341676,
0,0,0,0,0,0,0,0,0,0,0,0,0,0,0,0,0,0,0,0,6175888,
1,2,2,3,3,4,4,5,5,6,7,8,8,8,8,8,8,9,9,9,7025782,
0,1,2,3,3,4,4,5,5,5,5,6,6,6,7,8,8,8,8,8,5201776,
0,1,2,2,2,3,3,3,3,4,4,4,4,4,4,4,4,4,4,4,6525296,
1,2,3,4,5,6,7,7,8,8,8,9,10,10,11,11,12,13,14,15,4800081,
1,2,3,4,5,5,5,5,6,6,6,7,7,7,7,7,7,7,8,8,6390237,
0,0,0,0,0,0,0,0,0,0,0,0,0,0,0,0,0,0,0,0,4580107,
0,0,0,0,0,0,0,0,0,0,0,0,0,0,0,0,0,0,0,0,8513184,
1,1,1,2,2,3,3,3,3,4,4,4,4,4,4,4,4,4,4,4,5115835,
1,2,3,4,5,6,6,7,8,9,10,11,12,13,14,15,16,17,18,19,4351819,
1,2,3,4,4,4,5,5,5,6,6,6,6,6,7,8,8,8,8,8,7878119,
1,2,3,3,3,4,5,6,7,8,9,9,9,9,9,10,11,12,13,13,8451318,
1,1,2,3,3,3,3,3,3,3,3,3,3,4,4,5,5,5,5,5,4827760,
1,1,1,2,2,2,2,3,3,3,3,3,4,4,4,4,4,4,4,4,5619702,
0,1,2,2,2,2,3,3,4,4,4,4,5,5,5,5,5,5,5,5,6595777,
0,0,0,0,0,0,0,0,0,0,0,0,0,0,0,0,0,0,0,0,4578763,
0,0,0,1,1,1,1,2,3,3,3,3,3,3,3,3,3,3,3,3,4445676,
0,1,2,3,3,4,5,5,5,5,5,5,5,5,6,6,6,6,6,6,7375403,
1,1,1,1,1,1,1,1,2,2,3,3,3,3,3,3,3,3,3,3,4152283,
0,0,0,0,0,0,0,0,0,0,0,0,0,0,0,0,0,0,0,0,5475748,
1,1,1,1,1,1,1,2,3,4,5,5,5,5,6,6,7,8,8,8,8115345,
0,1,2,2,2,2,3,4,5,5,6,7,7,8,8,9,9,9,9,9,5034562,
0,0,0,0,0,0,0,0,0,0,0,0,0,0,0,0,0,0,0,0,4825883,
1,2,2,3,4,5,5,5,6,7,8,8,8,8,8,8,8,9,9,9,4342269,
1,1,1,2,2,3,3,3,3,3,4,4,4,4,5,5,6,6,6,6,5267589,
1,2,3,3,3,4,4,5,5,6,6,6,6,6,6,6,6,6,6,6,8347628,
0,0,0,0,0,0,0,0,0,0,0,0,0,0,0,0,0,0,0,0,4111910,
0,0,0,0,0,0,0,0,0,0,0,0,0,0,0,0,0,0,0,0,4082057,
0,1,1,2,3,4,5,6,7,7,8,9,9,10,10,10,10,10,10,10,6910081,
1,2,3,4,4,5,5,6,7,8,8,8,8,9,9,9,9,9,9,9,7377411,
0,0,0,0,0,0,0,0,0,0,0,0,0,0,0,0,0,0,0,0,4579616,
0,0,0,0,0,0,0,0,0,0,0,0,0,0,0,0,0,0,0,0,8607169,
0,0,0,0,0,0,0,0,0,0,0,0,0,0,0,0,0,0,0,0,4308854,
1,2,2,2,3,4,5,6,6,7,8,9,9,10,11,12,13,14,14,14,5112202,
1,1,1,2,3,4,4,5,5,5,5,5,5,5,5,5,5,5,5,5,4159788,
0,0,0,0,0,0,0,0,0,0,0,0,0,0,0,0,0,0,0,0,6184300,
1,2,3,4,4,5,6,6,7,7,8,9,9,10,11,12,13,13,14,14,4608331,
1,2,2,2,2,2,3,4,5,6,6,6,6,6,6,7,7,7,7,7,7814087,
1,2,3,4,5,6,7,8,8,9,10,11,12,13,14,15,16,17,18,19,8161153,
1,2,3,4,4,4,4,4,4,4,4,4,5,5,5,5,5,5,6,6,7076603,
1,1,2,3,3,3,4,5,6,6,6,6,7,8,9,10,10,10,10,10,8108401,
1,2,3,4,5,6,7,8,9,9,9,10,11,12,13,14,14,15,16,16,4229827,
0,0,0,0,0,0,0,0,0,0,0,0,0,0,0,0,0,0,0,0,4015363,
0,0,1,1,1,1,1,1,2,3,3,3,3,4,4,5,5,5,5,5,8536960,
1,2,3,4,4,4,5,5,5,5,5,5,5,5,5,5,5,6,6,6,5484152,
0,1,2,3,4,4,5,5,5,5,5,5,5,5,6,6,6,6,6,7,4864249,
0,1,2,3,4,5,6,6,7,7,8,8,8,8,8,8,8,8,9,10,5203290,
0,0,0,0,0,0,0,0,0,0,0,0,0,0,0,0,0,0,0,0,4220662,
1,1,1,1,1,1,1,1,1,1,1,1,1,1,1,1,1,1,1,1,7706270,
1,1,1,2,2,3,4,5,6,6,6,7,7,8,9,9,9,9,9,10,6206621,
0,0,0,1,2,2,2,2,2,2,3,3,4,4,4,4,5,5,5,6,8215043,
1,1,2,3,4,5,6,6,7,8,8,9,10,11,12,12,12,12,12,13,7031363,
1,2,3,4,5,6,7,8,9,10,11,12,13,14,15,16,17,18,19,19,7964190,
0,0,1,2,3,4,5,5,5,5,5,6,6,7,8,8,8,9,9,9,6321156,
1,2,2,3,4,5,5,6,7,7,7,7,7,7,7,7,8,9,9,9,6414283,
1,1,2,2,2,2,2,2,2,3,3,4,4,4,4,5,6,6,6,6,6370097,
0,0,1,2,3,3,4,4,5,6,7,7,8,9,9,10,10,10,10,10,5576730,
0,1,1,2,2,2,3,3,3,4,5,5,5,5,6,6,6,7,7,7,5005859,
1,1,1,1,1,2,2,2,2,2,2,2,2,3,3,4,4,4,4,4,8209100,
0,0,0,1,1,1,2,2,3,4,4,5,5,5,5,6,7,7,7,7,4896060,
0,1,1,1,1,1,1,2,2,2,2,2,2,2,2,2,2,2,2,2,5528467,
0,0,0,0,1,1,1,1,1,1,1,2,2,2,3,3,3,3,3,3,7198629,
1,2,3,4,4,5,6,7,7,8,9,9,9,10,10,10,10,11,11,11,8710854,
1,2,2,3,4,5,5,6,6,7,8,9,10,10,10,11,12,12,13,13,7075962,
0,0,0,0,0,0,0,0,0,0,0,0,0,0,0,0,0,0,0,0,8161303,
0,0,0,0,0,1,1,2,3,3,4,5,5,6,6,6,6,7,7,7,7258330,
1,2,2,3,4,4,5,5,5,5,6,6,7,7,7,7,7,7,7,7,5238880,
0,0,0,0,0,0,0,0,0,0,0,0,0,0,0,0,0,0,0,0,4058101,
0,0,0,1,2,3,4,4,5,6,7,8,9,9,9,9,9,10,11,11,4225195,
1,2,3,4,5,6,7,8,9,9,10,11,12,13,14,15,16,16,17,18,5494127,
1,1,1,1,1,1,1,1,1,2,3,3,3,3,4,4,4,4,4,4,8504568,
0,0,0,0,0,0,0,0,0,0,0,0,0,0,0,0,0,0,0,0,4002532,
1,2,3,3,3,3,3,3,3,4,4,4,5,5,5,5,5,5,5,5,8499445,
1,1,2,3,4,5,5,5,5,6,7,7,8,8,8,9,10,10,10,10,5119401,
1,2,3,4,5,6,7,8,9,10,11,12,13,14,15,16,17,18,19,20,7619810,
0,0,0,0,1,1,2,2,2,2,2,3,3,3,3,3,4,4,4,4,5489585,
1,2,2,3,4,5,5,5,5,6,7,8,8,9,9,9,9,9,9,9,6324612,
1,2,2,2,3,3,3,3,3,3,3,3,3,3,4,4,4,4,5,5,7885470,
0,0,1,2,3,4,4,5,5,5,5,6,7,7,7,7,8,9,9,9,6472369,
1,2,3,3,3,4,4,4,4,4,4,4,4,4,4,4,4,4,4,4,5059550,
1,2,3,4,4,5,5,5,5,6,7,8,8,8,9,9,9,9,9,9,5604081,
1,2,2,3,4,4,4,4,5,6,6,6,6,7,7,7,7,8,9,9,8330465,
1,2,3,4,5,6,7,7,7,8,9,10,11,12,12,12,13,13,13,13,4744808,
1,2,3,4,5,6,7,7,8,8,9,9,10,10,11,11,11,11,12,12,5525315,
1,2,2,3,4,4,5,5,6,6,7,8,8,8,9,9,9,9,9,9,8464797,
1,1,1,2,2,2,3,4,4,4,5,6,6,6,7,7,7,7,8,9,7536057,
0,0,0,0,0,0,0,0,0,0,0,0,0,0,0,0,0,0,0,0,4059802,
0,0,0,0,0,0,0,0,0,0,0,0,0,0,0,0,0,0,0,0,7929703,
0,0,0,0,1,2,2,3,3,3,4,4,4,4,4,4,4,4,4,4,4521455,
1,2,3,4,5,6,7,8,9,10,11,12,13,14,15,16,17,18,19,20,8628404,
1,1,1,1,1,2,2,2,2,2,2,2,2,3,4,4,4,4,5,5,6408713,
0,1,2,3,4,4,4,4,5,5,5,5,6,6,7,7,8,8,8,8,7614675,
0,0,0,0,0,0,0,0,0,0,0,0,0,0,0,0,0,0,0,0,4851585,
1,1,1,1,1,1,1,1,1,1,1,1,1,1,1,1,1,1,1,1,7644032,
0,0,0,0,1,1,1,1,1,1,1,1,1,1,1,1,1,1,1,1,4743969,
1,1,1,2,3,3,4,4,5,6,6,6,6,6,6,6,6,6,6,6,4384195,
0,0,1,1,1,2,3,3,3,3,3,3,3,3,4,4,4,4,4,4,4045976,
0,0,0,0,0,0,0,0,0,0,0,0,0,0,0,0,0,0,0,0,7532485,
0,0,1,1,1,1,1,1,2,3,3,3,3,4,5,5,6,7,7,7,7297383,
0,0,1,1,1,1,1,1,1,2,3,3,3,3,3,3,3,3,3,3,6837166,
0,0,0,0,0,0,0,0,0,0,0,0,0,0,0,0,0,0,0,0,7209684,
1,1,2,3,3,4,4,5,5,5,5,5,5,5,5,5,5,5,5,5,4196612,
0,0,0,0,0,0,0,0,0,0,0,0,0,0,0,0,0,0,0,0,7956893,
0,0,1,1,2,3,3,3,3,3,3,3,3,4,4,4,4,4,5,5,4336690,
1,2,3,3,3,4,4,5,6,7,7,7,7,8,8,9,9,10,10,11,6650446,
1,1,2,3,4,4,4,5,6,6,7,7,7,8,8,9,9,9,9,9,7126462,
1,2,3,3,3,3,3,4,4,4,5,6,6,6,6,6,6,6,7,7,8415414,
1,2,2,3,4,4,4,4,5,5,6,6,6,6,6,6,6,6,6,6,5200307,
1,2,3,4,5,6,7,7,7,7,8,8,8,9,10,11,11,12,12,12,8051556,
0,0,0,0,0,0,0,0,0,0,0,0,0,0,0,0,0,0,0,0,6013896,
0,1,1,2,2,2,2,2,2,2,2,3,4,5,5,6,7,7,8,8,6159470,
0,0,0,0,0,0,0,0,0,0,0,0,0,0,0,0,0,0,0,0,4822901,
0,1,2,2,3,3,3,3,3,3,3,3,3,3,3,3,3,3,3,3,5224479,
1,1,2,3,4,4,5,6,6,6,6,6,7,8,9,9,9,9,9,9,6301731,
0,0,0,0,0,0,0,0,0,0,0,0,0,0,0,0,0,0,0,0,4518670,
1,2,3,4,5,6,7,8,8,9,10,11,11,12,12,12,13,13,13,14,8164995,
1,1,1,2,2,3,4,5,6,7,8,9,10,10,10,11,12,12,12,12,5380412,
0,0,0,0,0,0,0,0,0,0,0,0,0,0,0,0,0,0,0,0,8369864,
1,2,2,3,4,4,4,4,4,4,4,4,4,4,5,5,5,6,6,6,7237219,
0,0,0,0,0,0,0,0,0,0,0,0,0,0,0,0,0,0,0,0,4165962,
1,2,2,2,2,3,4,4,5,5,5,5,5,6,6,7,7,7,7,8,4819597,
1,1,2,3,3,4,5,6,6,6,6,6,6,6,7,7,8,8,9,9,6271827,
1,2,2,3,4,4,4,4,4,5,6,6,6,6,6,6,7,7,7,8,6515928,
1,2,3,4,5,6,7,8,9,10,11,11,11,11,12,13,14,14,15,15,7891622,
1,1,1,1,1,1,2,3,3,3,4,4,4,4,4,4,4,4,4,4,4174056,
0,0,0,0,0,0,0,0,0,0,0,0,0,0,0,0,0,0,0,0,4477682,
1,2,3,4,5,6,7,8,9,10,10,11,11,12,13,13,13,14,14,14,8258818,
1,2,3,4,5,6,7,8,9,9,10,10,10,11,11,11,12,13,13,14,8277153,
0,0,0,0,0,0,0,0,0,0,0,0,0,0,0,0,0,0,0,0,4577989,
0,0,0,0,0,0,0,1,2,2,3,4,5,5,6,6,6,6,6,7,5365597,
1,1,2,3,3,3,3,4,5,6,6,7,8,8,9,10,10,11,11,12,6542566,
0,0,0,0,0,0,0,0,0,0,0,0,0,0,0,0,0,0,0,0,6023208,
0,0,0,0,0,0,0,1,1,1,1,1,1,1,1,1,2,3,3,3,5171784,
0,0,0,0,1,1,1,2,2,2,2,2,3,3,3,3,3,3,3,3,4167062,
1,2,3,4,5,6,6,7,8,9,10,11,12,13,14,15,16,17,18,19,8221536,
0,1,1,2,2,2,2,2,2,2,2,2,2,2,2,2,2,2,2,2,6278819,
1,2,3,3,4,4,4,4,4,4,5,5,5,5,5,5,5,5,5,5,5388116,
1,1,2,3,4,4,5,5,5,5,6,7,8,8,9,10,11,11,11,12,8348009,
0,0,0,0,0,0,0,0,0,0,0,0,0,0,0,0,0,0,0,0,4027664,
0,1,2,2,2,3,3,4,4,4,4,5,5,5,5,5,5,5,5,5,6472272,
1,2,2,2,2,2,2,2,2,2,2,3,4,5,5,5,5,5,5,5,4917117,
0,0,0,0,0,0,0,0,0,0,0,0,0,0,0,0,0,0,0,0,4730984,
0,0,0,1,1,1,1,1,1,1,1,1,2,2,2,2,2,2,2,2,4100008,
1,2,3,3,3,3,4,5,5,5,5,6,6,7,7,7,7,7,7,8,7092302,
1,1,2,2,3,3,3,4,4,4,5,6,6,6,7,7,7,7,7,7,7731676,
1,2,2,2,3,4,5,6,6,7,7,7,8,9,9,9,9,9,10,10,4396670,
1,2,3,3,4,4,4,5,5,5,5,6,6,7,7,7,7,7,7,7,5033884,
0,0,1,1,2,3,4,5,6,7,8,9,10,11,12,13,13,13,13,13,5430045,
0,1,1,1,1,1,1,1,1,1,1,2,2,3,3,3,3,3,3,3,4874701,
0,0,0,0,0,0,0,0,0,0,0,0,0,0,0,0,0,0,0,0,4077854,
0,0,0,0,0,0,0,0,0,0,0,0,0,0,0,0,0,0,0,0,6956068,
0,0,0,0,0,0,0,0,0,1,2,2,2,2,2,2,2,2,2,2,6119644,
0,1,2,2,2,2,2,2,2,2,2,3,3,3,3,3,3,3,3,3,4568819,
0,1,2,3,3,4,4,4,5,6,6,7,7,8,8,8,8,9,9,9,4662325,
0,0,0,0,0,0,0,0,0,0,0,0,0,0,0,0,0,0,0,0,6184122,
0,1,2,3,3,3,3,3,4,4,5,5,5,5,5,6,7,7,7,7,5284205,
0,0,0,0,0,0,0,0,0,0,0,0,0,0,0,0,0,0,0,0,8421772,
0,0,0,0,0,0,0,0,0,0,0,0,1,1,1,1,1,1,1,1,6121442,
0,0,0,0,0,0,1,2,3,4,4,4,5,5,5,5,5,5,5,5,8753770,
0,0,1,1,1,2,3,3,3,3,3,3,3,3,3,3,3,3,3,3,4244970,
1,2,3,4,5,6,7,8,9,9,10,10,11,12,13,14,15,15,15,15,6510652,
0,0,0,0,0,0,0,0,0,0,0,0,0,0,0,0,0,0,0,0,8741544,
1,2,3,3,3,3,3,3,3,3,3,4,4,4,4,4,4,4,4,5,4635240,
0,0,0,0,0,0,0,0,0,0,0,0,0,0,0,0,0,0,0,0,4148156,
0,0,1,1,1,1,1,2,2,3,3,3,3,3,3,3,3,3,4,4,6960719,
1,2,3,4,5,6,7,8,9,10,11,12,12,13,13,14,14,15,15,16,7218827,
1,2,3,4,5,6,7,7,7,8,9,9,10,10,10,10,10,11,11,11,6596954,
0,0,0,0,0,0,0,0,0,0,0,0,0,0,0,0,0,0,0,0,5217956,
0,0,0,0,0,0,0,0,0,0,0,0,0,0,0,0,0,0,0,0,4277568,
0,1,1,2,3,4,4,5,5,5,5,6,6,7,7,7,8,8,8,8,4339188,
0,0,0,0,0,0,0,0,0,0,0,0,0,0,0,0,0,0,0,0,8318058,
1,1,1,2,3,4,5,6,6,7,8,9,10,11,11,12,12,12,12,12,4347547,
1,2,3,3,3,3,4,4,5,5,5,5,6,6,6,6,6,6,7,8,6095342,
1,1,2,3,4,4,5,5,6,7,8,8,9,10,11,12,13,13,13,14,7216350,
1,2,3,4,4,5,5,6,6,7,7,7,8,8,9,9,9,9,9,9,4398696,
1,2,3,4,4,5,5,6,6,6,6,7,7,8,8,8,8,9,9,10,7722780,
0,0,0,0,0,1,1,1,2,2,3,3,4,5,5,5,5,5,6,6,7182138,
0,1,2,3,4,5,5,6,6,7,8,8,8,8,8,8,8,8,8,8,7927371,
1,1,2,2,3,4,5,5,6,6,6,6,6,6,6,6,6,7,7,8,6381967,
0,1,2,2,2,2,2,2,2,2,2,2,2,2,3,4,4,4,4,4,8030891,
1,2,3,3,3,4,4,5,6,7,7,7,7,8,8,9,9,9,10,10,5422626,
1,2,3,4,5,6,7,8,9,10,11,12,13,14,15,16,17,18,19,20,8621403,
0,1,1,2,2,2,2,2,3,4,4,4,4,4,5,5,5,5,5,5,7951000,
1,2,3,4,5,5,6,7,7,7,8,8,9,9,9,9,9,9,9,9,7184373,
1,2,3,4,4,5,5,5,6,6,7,8,9,9,9,10,10,10,10,10,4498535,
1,2,2,2,2,2,2,3,3,3,3,3,3,3,4,4,4,4,4,4,5117456,
0,1,2,3,3,4,5,5,6,6,7,7,7,7,7,8,9,9,9,9,7937959,
0,1,2,3,3,4,4,4,5,5,5,6,6,6,6,6,6,6,6,6,6133971,
0,0,1,1,1,1,1,2,2,2,2,2,3,3,3,3,3,3,3,3,7223965,
1,1,1,2,3,3,4,4,4,4,4,4,4,4,4,4,4,4,4,4,8703865,
0,0,0,0,0,0,1,1,1,1,2,3,3,3,3,4,4,4,5,5,8521084,
0,0,0,0,0,0,0,0,0,0,0,0,0,0,0,0,0,0,0,0,5543662,
1,1,1,2,3,3,3,4,4,5,5,5,6,6,7,7,7,8,8,8,6916980,
0,1,1,1,2,2,2,2,2,2,2,2,2,2,3,3,3,3,3,3,8069365,
1,2,3,3,4,4,5,5,6,7,7,7,7,7,7,7,7,8,8,8,6449102,
0,1,2,3,4,4,4,4,4,5,5,5,5,6,7,7,7,8,8,8,8522467,
1,2,2,3,4,4,4,5,5,5,5,5,6,6,7,7,7,7,7,7,4938586,
0,0,0,0,0,0,0,0,0,0,0,0,0,0,0,0,0,0,0,0,4279966,
1,1,1,1,1,1,1,1,1,2,2,2,2,2,2,2,2,2,2,2,4821407,
1,2,3,4,4,5,5,6,7,8,8,8,8,8,8,8,8,8,8,8,4888517,
1,2,3,4,4,5,6,7,8,9,9,9,9,10,10,11,11,12,13,14,6882636,
1,2,2,3,3,3,3,3,4,5,6,6,6,6,6,6,6,6,7,7,4992698,
1,2,3,4,5,6,7,8,9,9,9,9,10,10,11,12,12,13,13,13,6884782,
0,1,1,1,1,1,2,2,2,2,3,3,3,3,4,4,4,4,4,4,8745190,
0,1,1,1,1,1,1,1,1,1,2,2,2,2,2,2,2,2,2,2,5104496,
0,0,0,0,0,0,0,0,0,0,0,0,0,0,0,0,0,0,0,0,4007998,
0,0,0,0,0,0,0,0,0,0,0,0,0,0,0,0,0,0,0,0,7796424,
1,1,1,1,1,1,1,1,2,2,2,3,3,3,3,3,3,3,3,4,7708706,
1,2,3,4,5,6,7,8,9,10,11,12,13,14,15,16,17,18,19,20,7276067,
1,1,2,3,4,5,5,6,7,7,7,8,9,10,10,10,10,10,10,11,8097042,
0,1,1,1,1,1,1,1,1,1,1,2,2,2,2,2,2,2,2,2,8548814,
1,2,2,3,3,4,4,5,6,7,8,8,8,9,9,10,11,11,12,12,6997475,
1,2,3,4,5,6,6,6,6,6,6,6,6,7,8,9,9,10,10,10,5322967,
1,2,3,4,5,6,6,7,8,8,8,8,8,9,10,11,11,11,12,13,5562584,
0,0,0,0,0,0,0,0,0,0,0,0,0,0,0,0,0,0,0,0,3956841,
1,2,2,2,2,2,2,2,2,2,2,2,2,2,2,2,2,2,2,2,8389004,
1,1,2,2,2,3,4,4,5,5,5,5,6,7,7,8,8,8,9,10,4683556,
1,1,2,3,3,3,3,3,3,3,4,4,4,4,5,6,6,6,6,6,6984309,
0,0,0,0,0,0,0,0,0,0,0,0,0,0,0,0,0,0,0,0,8531553,
1,2,3,3,4,4,5,6,7,8,8,9,9,9,9,9,9,10,10,10,7721726,
1,1,2,2,3,3,3,3,3,3,3,3,3,3,3,3,3,3,3,3,6945669,
0,0,0,0,0,0,0,0,0,0,0,0,0,0,0,0,0,0,0,0,3976041,
0,0,0,0,0,0,0,0,0,0,0,0,0,0,0,0,0,0,0,0,4478919,
0,0,1,1,2,2,2,2,2,2,3,4,4,4,4,4,5,5,6,6,7252854,
1,2,2,2,2,2,2,3,4,5,6,6,7,7,7,8,9,10,10,11,8315253,
1,2,3,3,3,4,4,5,6,7,8,9,10,11,11,11,11,12,13,14,4841044,
1,1,1,2,2,2,2,2,3,4,5,5,5,6,7,8,9,9,9,9,7948950,
1,2,3,4,5,6,7,8,9,10,11,12,13,14,15,16,16,16,16,17,8007190,
0,0,0,0,1,1,1,1,1,1,1,1,1,1,1,1,1,1,1,1,7893983,
0,0,0,0,1,2,3,4,4,4,4,4,4,4,4,4,4,4,4,4,6201132,
0,0,0,0,0,0,0,0,0,0,1,1,2,2,2,2,2,2,2,3,6342207,
1,2,3,3,3,3,3,3,3,3,3,3,3,3,3,3,3,3,3,3,5538966,
1,1,1,2,2,2,3,4,4,4,4,4,4,5,5,6,6,6,6,6,8136705,
1,2,2,3,4,5,5,5,5,5,6,6,6,7,7,7,7,7,7,7,8469026,
0,0,0,1,2,3,4,4,4,5,6,6,6,6,6,6,6,7,7,8,6852714,
1,2,3,4,5,5,6,6,6,6,7,7,7,7,7,8,8,8,8,8,8501898,
0,1,2,2,2,2,3,3,3,3,3,4,4,4,4,4,4,4,4,4,6406163,
0,0,0,0,0,0,0,0,0,0,0,0,0,0,0,0,0,0,0,0,4860433,
0,1,2,3,4,5,6,6,6,6,7,7,8,9,10,10,11,11,12,12,6854698,
1,2,3,4,5,6,7,7,7,7,8,9,9,10,10,10,11,11,12,12,5069739,
1,1,1,1,2,2,2,2,2,2,2,2,2,2,3,3,3,3,3,4,8587262,
0,1,1,2,2,3,3,4,5,6,6,6,6,6,6,7,8,8,8,9,8046335,
1,1,2,3,4,4,4,4,4,4,4,4,4,4,4,5,6,6,6,6,6286658,
1,2,2,3,3,4,4,5,5,5,6,6,6,6,6,7,8,8,8,8,5035298,
0,1,1,1,1,1,2,2,2,2,2,3,4,4,4,4,4,4,4,4,7107923,
0,1,2,3,4,5,6,7,8,9,9,9,10,10,10,11,12,12,13,14,7876438,
1,2,2,2,2,2,3,3,4,5,6,7,8,8,8,8,8,8,8,9,5039014,
0,0,0,0,0,0,0,0,0,0,0,0,0,0,0,0,0,0,0,0,3949661,
0,0,0,0,0,0,0,0,0,0,0,0,0,0,0,0,0,0,0,0,5496850,
0,0,0,0,0,0,0,0,0,0,0,0,0,0,0,0,0,0,0,0,4976115,
1,2,3,3,3,4,4,4,5,6,7,8,8,9,10,11,12,12,12,12,8642682,
1,2,3,4,5,6,7,7,8,9,10,11,11,12,13,14,15,16,17,18,7912324,
1,1,1,2,3,3,4,4,4,4,5,5,6,6,6,7,7,7,7,7,7627221,
0,1,2,3,3,4,4,4,4,4,4,4,4,4,4,4,4,4,4,4,5519963,
1,2,3,4,5,6,7,8,9,10,10,10,10,10,11,12,13,14,15,16,4440545,
0,0,0,0,0,0,0,0,0,0,0,0,0,0,0,0,0,0,0,0,4657853,
0,0,0,0,0,0,0,0,0,0,0,0,0,0,0,0,0,0,0,0,4002376,
1,2,2,2,2,3,4,5,6,7,7,8,9,10,10,10,11,11,12,13,7665299,
1,2,3,4,5,6,7,8,9,10,11,12,13,14,15,16,17,18,19,20,8518866,
0,0,1,2,2,2,2,3,3,3,3,3,3,3,4,4,4,4,4,4,8010337,
1,1,1,2,2,3,3,3,4,5,6,7,7,7,7,7,8,8,8,8,4634360,
0,0,0,0,0,0,0,0,0,0,0,0,0,0,0,0,0,0,0,0,4123558,
1,1,1,1,2,3,4,4,4,4,4,4,4,4,4,5,5,5,5,6,6069114,
0,0,1,1,1,2,2,3,4,4,5,5,5,5,5,5,5,5,5,5,6071824,
1,2,3,4,5,6,7,8,9,9,10,11,12,13,14,15,16,17,18,19,7280108,
0,0,0,1,2,2,2,3,3,4,5,5,6,7,7,7,7,7,7,7,7914036,
1,2,2,3,4,5,6,6,7,8,8,8,8,8,8,9,9,10,10,10,8604552,
1,2,3,3,4,5,6,6,6,7,7,7,7,7,7,7,7,7,7,7,5505548,
0,0,0,0,0,0,0,0,1,1,1,2,2,2,2,2,2,2,2,2,4188084,
0,0,0,0,0,0,0,0,0,0,0,0,0,0,0,0,0,0,0,0,3980024,
1,2,3,3,4,4,4,4,5,5,5,6,6,6,6,6,6,6,6,6,6466936,
1,1,2,2,2,3,3,3,3,3,3,4,4,4,4,4,4,4,4,4,4750804,
0,0,0,0,0,0,0,0,0,0,0,0,0,0,0,0,0,0,0,0,3958189,
1,2,3,3,3,3,3,4,5,5,5,5,5,5,5,5,5,5,5,5,7179554,
0,1,2,2,3,3,3,3,3,3,3,3,4,5,6,6,6,6,6,6,5305093,
0,0,0,0,0,0,0,0,0,0,0,0,0,0,0,0,0,0,0,0,3979940,
1,2,3,4,5,5,5,5,5,5,5,5,5,5,5,6,6,6,6,7,4364150,
1,1,1,1,2,2,2,2,2,3,3,3,4,4,5,5,6,6,6,6,5086196,
0,0,1,1,1,1,1,1,1,1,1,1,1,2,2,2,2,2,2,2,4485792,
0,0,0,0,0,0,0,0,0,0,0,0,0,0,0,0,0,0,0,0,4309296,
0,0,0,0,0,0,1,1,1,1,1,1,1,1,2,2,2,3,3,3,4121571,
1,2,2,2,3,3,4,4,4,4,5,5,5,5,6,6,6,6,6,6,4672862,
1,2,3,4,5,6,7,7,8,9,9,9,10,10,10,10,10,10,10,10,5262026,
0,0,0,0,0,0,0,0,0,0,0,0,0,0,0,0,0,0,0,0,8232897,
1,2,2,3,4,4,5,6,7,7,7,7,8,8,9,10,10,10,11,11,6914399,
0,0,0,0,0,0,0,0,0,0,0,0,0,0,0,0,0,0,0,0,7240181,
1,2,3,4,5,5,6,7,7,7,7,7,7,7,7,8,8,9,10,10,6570743,
0,0,0,0,0,0,1,1,1,1,1,1,1,1,1,1,1,1,1,2,4862334,
0,0,0,0,0,0,0,0,0,0,0,0,0,0,0,0,0,0,0,0,8528088,
1,2,3,3,4,4,5,5,5,5,5,6,6,6,7,8,9,9,10,10,4203322,
0,0,0,0,1,1,2,3,4,4,4,4,4,4,4,4,4,4,5,5,8120437,
1,1,1,1,1,1,2,2,2,2,3,3,3,4,4,5,5,5,5,5,4522960,
1,2,3,3,4,4,4,5,5,5,5,5,6,7,7,7,7,7,7,7,5567103,
0,0,0,0,0,0,0,0,0,0,0,0,0,0,0,0,0,0,0,0,6031598,
1,1,1,2,2,2,2,3,3,3,4,4,5,5,5,5,6,6,7,7,8293372,
1,2,3,4,5,6,7,8,9,10,11,12,13,14,15,16,17,18,18,18,8709414,
0,0,0,1,1,1,2,2,3,3,3,3,3,3,3,3,3,4,4,4,7653408,
0,0,0,0,0,0,1,2,3,3,3,3,3,3,3,3,3,3,3,3,6641122,
0,0,0,1,1,2,3,3,3,4,4,4,4,4,4,4,5,5,5,5,6345219,
0,0,0,0,1,1,2,2,2,2,3,3,4,4,5,5,5,6,6,6,5151976,
1,1,2,3,3,4,5,6,7,8,9,10,11,12,12,13,14,15,16,16,7715174,
1,2,3,4,5,6,6,6,7,8,9,9,9,10,11,12,12,13,14,15,7099895,
1,2,3,3,4,4,4,5,6,7,8,9,9,9,10,11,11,11,12,13,4606186,
0,0,0,0,0,0,0,0,0,0,0,0,0,0,0,0,0,0,0,0,4651624,
1,2,2,2,3,4,4,4,5,5,6,7,7,7,8,8,8,8,9,9,7430022,
0,0,0,0,0,0,0,0,0,0,0,0,0,0,0,0,0,0,0,0,4327543,
1,2,2,2,3,4,5,5,5,5,5,6,6,6,6,6,6,7,7,7,8560730,
0,1,2,3,4,4,4,4,5,6,7,8,8,9,9,10,10,11,11,12,7144051,
0,0,0,0,0,0,0,0,0,0,0,0,0,0,0,0,0,0,0,0,6844172,
0,0,0,0,0,0,0,0,0,0,0,0,0,0,0,0,0,0,0,0,4195919,
0,1,2,2,2,2,2,2,2,2,2,2,3,4,4,4,4,5,5,5,8294776,
1,2,3,4,5,6,7,8,9,10,11,12,13,13,14,15,15,16,17,18,8358951,
0,0,0,0,0,0,0,0,0,0,0,0,0,0,0,0,0,0,0,0,7482922,
1,2,3,3,4,5,5,6,7,8,8,9,10,10,11,11,11,12,13,14,5456180,
1,2,2,3,4,5,6,7,8,9,10,11,12,13,14,14,14,15,16,17,7205059,
0,0,0,0,0,0,0,0,0,0,0,0,0,0,0,0,0,0,0,0,4052377,
0,1,1,1,1,1,1,2,2,2,2,2,2,2,2,2,2,2,2,2,4785960,
1,2,3,3,3,4,5,5,5,6,6,6,6,6,6,7,8,8,8,9,7694962,
1,2,2,3,3,4,4,5,5,6,6,7,8,9,10,11,11,12,13,14,7930631,
0,1,1,1,1,1,1,1,1,1,1,1,1,1,1,2,2,2,3,3,8608177,
1,1,2,3,4,5,6,7,8,9,10,11,12,13,13,13,13,13,13,14,4948469,
1,1,1,1,2,2,2,2,3,3,3,4,4,5,5,6,6,6,6,7,4682155,
0,0,0,0,0,0,0,0,0,0,0,0,0,0,0,0,0,0,0,0,5132286,
0,0,0,0,0,0,0,0,0,0,0,0,0,0,0,0,0,0,0,0,4354406,
1,2,3,3,3,4,5,6,7,7,7,8,8,9,9,10,11,11,12,12,8578314,
1,2,2,2,2,2,2,3,4,5,5,5,5,5,5,5,5,5,5,5,7004725,
1,2,3,4,5,5,6,6,6,7,8,9,10,11,12,12,12,12,12,12,5197450,
0,0,0,0,1,1,1,1,1,1,1,1,1,1,1,1,1,1,1,1,7851876,
0,1,2,3,3,4,4,4,5,5,5,5,5,5,5,5,6,6,6,6,4462657,
1,2,3,3,4,4,5,6,7,8,8,9,10,10,11,12,13,14,15,16,7674081,
0,0,0,0,0,0,0,0,0,0,0,0,0,0,0,0,0,0,0,0,4283333,
0,0,0,1,1,2,3,3,3,3,3,3,3,3,3,3,3,3,3,3,4681554,
1,1,1,1,1,1,1,1,1,1,1,1,1,1,1,1,1,1,1,1,7182283,
1,1,1,1,1,1,2,2,2,2,2,3,4,4,4,4,4,4,4,4,6809334,
0,1,2,3,4,5,6,6,6,6,6,7,7,7,8,8,9,9,9,9,5137714,
1,1,2,2,2,2,3,4,5,5,6,7,7,8,8,8,8,8,8,9,7491584,
1,2,3,4,5,6,7,8,9,10,11,12,13,14,15,16,17,18,19,20,8253368,
1,2,2,3,3,3,4,5,6,7,7,7,7,7,7,7,8,9,9,9,7468532,
1,1,2,3,3,4,4,4,4,4,4,4,4,4,4,4,5,5,5,5,5339773,
0,0,0,0,0,0,0,0,0,0,0,0,0,0,0,0,0,0,0,0,6012706,
0,0,0,0,0,0,0,0,0,0,0,0,0,0,0,0,0,0,0,0,4518116,
1,2,2,3,3,3,3,4,4,4,4,5,6,7,7,7,8,8,8,8,7770482,
1,1,1,2,2,2,2,2,2,3,3,3,3,3,3,3,3,3,4,4,4276588,
0,0,0,0,0,0,0,0,0,0,0,0,0,0,0,0,0,0,0,0,4581835,
1,2,3,4,4,5,5,5,5,5,6,7,7,7,8,9,9,9,10,10,5219721,
1,2,2,3,3,4,4,4,5,6,7,8,8,9,9,9,9,10,10,10,8650992,
1,2,3,4,4,4,4,4,4,4,4,4,4,5,5,5,5,5,5,5,4814295,
0,1,2,3,4,5,6,7,8,8,9,9,9,10,10,10,10,11,12,13,8674343,
0,0,0,0,1,1,2,2,3,3,3,3,3,3,3,3,3,3,3,3,5521736,
0,0,0,0,0,0,0,0,0,0,0,0,0,0,0,0,0,0,0,0,7084144,
1,1,2,2,3,3,4,4,4,4,4,4,4,5,5,5,5,5,5,6,6332802,
1,1,2,2,2,2,3,3,3,3,3,3,3,3,3,3,3,3,4,4,7594308,
1,1,2,2,2,2,2,2,2,2,2,2,2,3,3,3,3,3,4,4,6358901,
1,2,3,4,5,6,6,7,8,9,9,10,10,11,11,12,12,13,14,14,7440324,
1,2,3,4,5,5,5,5,6,7,8,8,8,8,8,8,8,8,8,8,8339237,
1,2,3,4,4,4,4,4,4,5,5,5,5,5,5,5,5,5,5,5,4334931,
0,0,0,0,0,0,0,0,0,0,0,0,0,0,0,0,0,0,0,0,4656019,
0,0,0,0,0,0,0,0,0,0,0,0,0,0,0,0,0,0,0,0,4655956,
0,1,2,3,4,5,6,7,8,8,8,9,9,10,10,11,12,13,13,14,6333099,
1,1,1,2,3,3,4,4,5,5,5,6,6,6,7,7,7,7,7,7,8212561,
1,2,2,2,2,3,3,3,4,5,5,5,5,6,6,6,6,6,6,6,8673542,
1,1,2,3,4,4,4,5,6,7,7,8,9,10,10,11,12,12,13,13,8053146,
0,1,2,2,2,3,4,5,5,6,6,6,6,7,8,8,8,9,10,11,8699640,
0,1,2,2,2,3,3,3,3,3,3,3,3,3,3,3,3,3,3,3,7689720,
0,0,0,0,0,1,2,2,2,2,2,2,2,3,3,3,3,3,4,4,6936940,
1,1,2,2,3,4,4,4,4,4,4,4,4,5,6,6,7,7,8,8,5253755,
0,0,0,0,0,0,0,0,0,0,0,0,0,0,0,0,0,0,0,0,6034995,
0,0,0,0,0,0,0,1,2,2,3,3,4,4,5,5,6,6,6,6,7881975,
0,0,0,1,2,3,3,3,3,3,3,4,4,4,4,4,4,4,5,5,8045658,
0,1,1,2,2,3,3,3,4,4,4,5,5,6,6,6,6,7,8,8,6868328,
1,2,3,3,3,3,3,3,4,5,5,5,5,5,5,5,5,5,5,5,4400085,
1,1,2,3,4,5,5,6,7,8,8,9,10,10,11,12,12,13,14,15,8066239,
0,0,0,0,0,0,0,0,0,0,0,0,0,0,0,0,0,0,0,0,3963829,
1,1,2,2,2,3,3,4,4,4,5,6,6,6,6,6,6,6,6,6,5428747,
0,1,1,1,2,2,3,4,4,4,5,5,5,5,5,5,5,5,5,5,6394491,
0,0,0,0,1,1,1,1,2,2,2,2,3,3,3,3,4,4,4,4,4896197,
1,1,1,1,2,3,4,4,4,5,6,7,7,7,7,7,7,8,8,8,8380070,
0,0,0,0,0,0,0,0,0,0,0,0,0,0,0,0,0,0,0,0,4098045,
0,0,1,2,2,2,3,4,4,5,5,6,7,8,9,10,11,11,12,12,6581536,
1,1,1,1,1,2,2,3,4,5,6,6,7,7,8,9,9,10,11,11,4639432,
0,1,1,1,1,2,2,2,3,3,3,3,3,3,3,3,3,3,3,3,8154045,
0,0,0,1,1,2,2,2,2,2,2,2,2,2,3,3,3,3,4,4,5189127,
0,0,0,0,0,0,0,0,0,0,0,0,0,0,0,0,0,0,0,0,3951774,
1,2,3,4,4,4,5,5,6,7,8,9,10,11,12,13,13,14,14,14,6355512,
0,0,0,0,0,0,0,0,0,0,0,0,0,0,0,0,0,0,0,0,4049074,
0,0,1,1,2,3,4,5,5,5,5,5,5,5,5,5,5,5,5,5,8383673,
1,2,3,4,5,6,6,6,6,7,8,9,10,11,12,13,13,13,14,15,8024405,
1,2,2,3,3,3,4,4,4,4,4,4,4,5,5,5,6,7,7,7,6665441,
0,0,0,0,0,0,0,0,0,0,0,0,0,0,0,0,0,0,0,0,4017791,
0,0,1,2,2,2,2,2,2,2,3,3,4,4,4,4,5,5,5,5,5036666,
1,2,3,4,4,4,5,6,6,6,7,7,7,7,7,7,7,7,8,9,7261054,
1,2,3,4,4,5,5,5,6,7,7,8,8,8,8,8,9,10,10,11,6877996,
1,1,2,2,3,4,4,4,4,4,4,5,5,5,6,7,7,7,7,7,6508954,
0,1,2,2,2,2,2,2,2,2,2,2,2,2,2,3,3,3,3,3,7537210,
0,1,1,2,2,2,3,3,3,3,4,4,4,5,5,6,6,6,6,6,6468288,
0,0,0,0,0,0,0,0,0,0,0,0,0,0,0,0,0,0,0,0,4038826,
1,2,2,3,4,4,5,6,7,8,9,10,11,12,12,13,14,14,15,15,6663057,
0,0,0,0,0,0,0,0,0,0,0,0,0,0,0,0,0,0,0,0,3978997,
0,1,1,1,1,1,1,2,2,3,3,3,4,4,4,4,4,4,5,5,5300029,
1,2,2,3,3,4,4,4,4,5,6,6,6,6,7,8,9,9,9,10,7746074,
0,0,0,0,0,0,0,0,0,0,0,0,0,0,0,0,0,0,0,0,8652551,
1,2,3,4,5,6,7,8,9,10,11,12,13,14,15,16,17,17,17,18,6922526,
1,1,1,2,2,2,2,3,3,3,3,3,3,3,3,4,4,4,4,4,4677750,
0,0,0,0,1,1,1,2,2,2,2,2,2,3,3,3,3,3,4,4,5110561,
0,0,0,0,0,0,0,0,0,0,0,0,0,0,0,0,0,0,0,0,6177586,
0,1,1,1,1,1,1,1,1,1,1,1,1,1,1,1,1,1,1,1,6229554,
1,2,3,3,3,3,4,4,4,4,4,4,5,5,5,5,5,5,5,6,8695356,
1,2,2,2,2,3,3,4,5,5,6,7,7,8,8,9,10,10,11,12,4012351,
0,0,0,0,0,0,0,0,0,0,0,0,0,0,0,0,0,0,0,0,3992021,
1,2,2,3,3,4,4,4,5,5,6,6,6,6,6,7,7,7,7,7,8495169,
1,2,3,4,5,6,7,7,7,7,8,8,9,9,9,9,10,10,10,10,6215777,
1,2,3,4,5,6,6,6,6,6,6,7,7,8,8,8,8,8,8,9,6599364,
0,1,2,2,2,2,2,2,3,3,3,3,3,3,3,4,4,5,5,5,7499625,
0,0,0,0,0,0,0,0,0,0,0,0,0,0,0,0,0,0,0,0,6657513,
0,0,0,0,0,0,0,0,0,0,0,0,0,0,0,0,0,0,0,0,4004186,
1,1,1,1,2,3,3,4,4,4,4,4,4,5,5,6,6,6,6,6,5176470,
1,1,2,3,3,3,3,4,5,6,6,6,7,7,8,8,8,8,8,8,7353238,
1,2,3,3,3,3,3,3,3,3,3,3,3,3,4,4,4,4,5,5,5315958,
0,0,0,0,0,1,2,3,4,5,6,7,8,9,9,10,10,11,12,12,7760516,
1,2,2,3,4,4,4,5,5,6,7,7,8,9,9,10,11,11,12,13,4502903,
1,2,2,3,3,3,3,4,4,5,5,6,6,6,6,6,6,6,6,6,7733192,
1,2,3,3,3,3,3,3,3,4,4,4,4,4,5,5,5,5,5,5,7654343,
0,1,1,2,3,3,4,5,6,6,6,6,7,8,8,8,8,8,9,10,5629632,
0,0,1,2,3,4,4,4,4,4,4,4,4,5,6,6,7,8,8,8,5602334,
1,2,2,2,3,3,4,4,5,5,6,7,7,7,8,9,10,11,11,12,7363110,
0,0,0,0,0,0,0,0,0,0,0,0,0,0,0,0,0,0,0,0,8366278,
1,2,3,4,5,6,6,7,7,8,9,9,10,11,12,13,13,13,13,13,6240323,
0,0,0,0,0,0,0,0,0,0,0,0,0,0,0,0,0,0,0,0,5486525,
0,1,2,3,4,5,6,7,8,9,10,11,12,13,13,14,15,15,16,16,7164045,
0,0,0,0,0,1,1,1,1,1,1,1,1,1,1,1,1,1,1,1,6592784,
1,2,3,4,4,4,5,5,5,5,5,5,5,5,5,5,5,5,6,6,7164172,
0,1,1,1,1,2,2,3,3,3,3,4,5,5,5,6,6,6,6,6,7966119,
0,1,1,2,2,2,3,4,4,4,4,5,5,5,5,5,5,6,6,6,8133285,
0,0,0,1,1,1,1,1,2,2,2,2,2,2,2,2,2,2,3,3,4707200,
0,0,0,0,0,0,0,0,0,0,0,0,0,0,0,0,0,0,0,0,4144639,
0,0,0,1,1,2,2,2,3,3,3,3,3,3,3,3,3,3,3,3,6237866,
0,0,0,0,0,0,0,0,0,0,0,0,0,0,0,0,0,0,0,0,3943123,
0,0,0,0,0,0,0,1,1,2,3,3,3,3,3,3,3,3,4,4,4944144,
0,0,0,0,0,0,0,0,0,0,0,0,0,0,0,0,0,0,0,0,4140322,
0,0,0,0,0,0,0,0,0,0,0,1,1,1,1,1,1,1,1,1,4986214,
0,0,1,1,1,1,1,1,1,1,1,1,1,2,2,2,3,3,3,3,6299051,
0,1,2,3,3,3,3,3,3,4,4,5,5,5,5,5,5,5,5,5,7948486,
0,0,0,0,0,0,0,0,0,0,0,0,0,0,0,0,0,0,0,0,6018311,
1,1,1,1,2,2,2,2,2,2,2,2,2,2,2,2,2,2,2,2,6297893,
0,1,1,1,1,1,1,1,1,2,2,2,2,2,2,2,2,2,2,2,7824241,
1,2,3,4,5,5,6,6,6,7,7,8,8,9,10,10,10,10,10,10,4437508,
1,1,1,1,2,2,2,2,2,2,2,2,2,2,2,2,2,2,2,2,7074602,
0,0,1,1,1,2,2,3,3,4,4,4,5,6,6,7,7,7,7,8,6272023,
0,0,0,0,0,0,1,1,1,1,2,2,2,2,3,4,4,4,4,4,4072741,
1,2,3,4,5,6,7,8,9,10,11,12,13,14,15,16,17,18,19,20,7881698,
0,0,0,0,0,0,0,0,0,0,0,0,0,0,0,0,0,0,0,0,6650327,
0,0,0,0,0,0,0,0,0,0,0,0,0,0,0,0,0,0,0,0,4029378,
0,1,2,3,4,5,6,6,7,7,7,8,8,8,8,8,9,9,9,9,8021522,
0,0,0,0,0,0,0,0,0,0,0,0,0,0,0,0,0,0,0,0,4055951,
0,0,0,1,2,2,2,2,2,2,2,2,2,2,2,2,2,2,2,2,4093241,
1,1,2,2,3,3,3,4,4,4,4,4,5,5,5,5,6,6,6,6,7979225,
1,2,2,3,3,4,4,4,5,6,7,8,8,8,9,10,10,11,12,13,6068417,
1,2,2,2,2,2,3,4,4,5,5,5,5,6,6,6,6,6,7,8,7382087,
1,2,3,4,4,4,4,4,5,5,5,5,5,5,5,6,6,6,6,6,4979615,
1,2,3,4,5,6,7,8,9,10,11,12,13,14,15,16,17,18,19,20,8241791,
1,2,3,4,5,5,5,6,6,6,6,7,7,7,8,9,9,9,9,9,8045249,
0,0,1,2,2,2,2,2,2,2,2,2,2,2,2,2,2,2,2,2,7083268,
0,1,1,2,3,3,4,5,5,6,7,8,9,10,11,12,13,13,14,15,7999633,
0,0,1,2,3,4,5,5,5,5,5,5,5,5,5,6,7,7,7,7,6081593,
0,0,0,0,0,0,0,0,0,0,0,0,0,0,0,0,0,0,0,0,4523909,
0,0,0,1,1,2,2,3,4,5,6,7,8,9,9,10,11,12,12,12,6472493,
0,0,1,1,1,1,1,1,1,1,1,1,1,1,1,1,1,1,1,1,4087310,
0,0,0,0,0,0,0,0,0,0,0,0,0,0,0,0,0,0,0,0,6149784,
0,0,0,0,0,0,0,0,0,0,0,0,0,0,0,0,0,0,0,0,4657916,
0,0,0,0,0,0,0,0,1,1,1,1,1,1,1,1,1,1,1,1,4426821,
0,0,0,0,1,1,1,2,2,3,4,4,4,4,4,4,4,4,4,4,7030496,
1,2,3,4,5,6,7,8,9,10,11,12,13,14,15,16,17,18,19,20,8364329,
0,1,1,1,1,1,1,1,1,1,2,2,2,2,2,2,2,2,3,3,7755028,
1,2,2,3,3,3,3,4,4,4,5,5,6,7,7,7,7,7,8,8,7590876,
0,0,0,0,0,0,0,0,0,0,0,0,0,0,0,0,0,0,0,0,8272678,
0,1,1,2,3,4,5,6,6,7,7,7,7,8,9,9,9,9,9,9,6252065,
1,2,2,3,3,3,4,5,5,5,5,5,5,5,5,5,5,5,5,5,6290401,
1,1,2,3,4,5,5,6,6,7,7,7,7,7,7,7,7,8,8,8,6839274,
1,1,1,1,2,3,4,4,4,5,5,5,6,6,6,6,6,6,6,6,7449048,
1,2,3,4,5,6,7,8,8,8,9,10,11,11,11,11,12,12,13,13,4622287,
0,1,1,1,1,1,1,2,3,3,3,3,3,3,3,4,4,4,4,5,7330694,
0,0,0,1,2,2,2,2,2,2,2,2,2,2,3,3,3,3,4,4,5252566,
0,1,1,1,1,2,3,3,3,3,4,5,5,5,6,7,7,7,7,7,6948188,
1,2,3,4,4,5,5,5,6,6,6,6,6,6,6,7,7,7,7,7,4819016,
1,2,3,4,5,6,6,6,6,6,7,7,7,7,7,7,7,7,7,7,5173440,
1,2,2,3,3,3,4,5,5,5,5,5,6,6,6,6,6,6,6,6,8740357,
0,1,2,2,2,2,2,3,3,3,4,4,4,5,5,6,6,7,7,7,7996432,
1,2,3,4,5,6,7,8,9,10,11,12,13,14,15,16,16,17,18,18,8337116,
1,2,2,3,3,4,4,4,5,5,6,6,6,6,6,6,6,6,6,6,7827220,
1,2,2,3,3,4,4,4,5,5,6,6,7,7,8,8,8,9,9,9,7086132,
1,2,3,4,5,6,7,8,9,10,11,12,13,14,15,16,17,18,19,20,7982430,
1,2,3,4,5,6,7,8,8,9,10,10,11,11,12,13,13,14,15,16,5419303,
1,1,2,3,3,3,3,3,3,3,3,4,4,4,4,4,4,4,4,4,4613891,
0,0,0,0,0,0,0,0,0,0,0,0,0,0,0,0,0,0,0,0,6116192,
1,2,3,4,5,5,6,7,7,7,7,8,9,9,9,9,9,10,10,11,7937943,
0,1,2,3,4,5,6,7,8,9,10,10,11,12,13,14,15,16,17,17,6455241,
1,2,3,4,5,6,7,8,9,10,11,12,13,14,15,16,17,18,19,20,7865613,
0,1,2,2,3,4,5,6,7,8,8,8,8,8,8,8,9,9,10,11,7870159,
1,1,1,1,2,2,2,2,3,4,4,4,5,6,7,8,9,9,9,10,8490147,
1,2,3,4,5,6,7,8,9,10,10,10,11,12,13,13,13,13,14,14,8106001,
1,2,2,3,4,5,5,5,6,7,7,7,7,7,8,8,8,8,9,9,6892654,
0,0,0,0,0,0,0,0,0,0,0,0,0,0,0,0,0,0,0,0,7477582,
0,0,0,0,0,0,0,0,0,0,0,0,0,0,0,0,0,0,0,0,4440609,
1,1,2,3,3,3,3,4,4,4,5,5,5,6,6,6,6,6,6,6,7286647,
0,1,2,3,4,4,5,5,5,5,6,6,6,6,6,6,6,6,6,6,8290382,
0,0,0,0,0,0,0,0,0,0,0,0,0,0,0,0,0,0,0,0,4088523,
0,0,0,0,1,1,1,1,2,3,3,3,3,3,3,3,3,3,3,3,6385264,
0,0,0,0,0,0,0,0,0,0,0,0,0,0,0,0,0,0,0,0,4859464,
0,1,1,2,2,2,2,3,3,3,3,3,3,3,3,3,3,3,3,3,8748046,
0,0,0,0,0,0,0,0,0,0,0,0,0,0,0,0,0,0,0,0,3981238,
1,2,2,3,3,4,4,4,5,5,6,6,7,8,8,8,8,8,8,8,7392157,
1,1,1,1,1,1,1,1,1,1,1,1,1,2,2,2,2,2,2,2,4289150,
1,2,3,4,5,6,6,6,6,6,7,8,8,8,8,8,8,9,9,10,8391153,
1,1,1,1,1,2,3,3,4,4,5,5,5,5,5,5,6,7,7,7,4743971,
1,2,3,4,4,5,6,7,8,8,9,9,9,10,10,11,11,12,12,13,8587879,
1,2,2,3,3,3,4,4,5,5,6,7,7,8,8,9,10,10,10,10,4333486,
1,1,1,1,2,3,3,3,4,5,6,6,6,7,7,8,8,9,9,9,5252587,
0,1,2,2,2,2,3,3,3,4,4,4,4,5,5,5,6,6,7,7,4945866,
0,0,0,0,0,0,0,0,0,0,0,0,0,0,0,0,0,0,0,0,6263292,
0,0,0,0,0,0,0,0,0,0,0,0,0,0,0,0,0,0,0,0,4655839,
0,1,1,2,2,3,4,4,4,4,4,4,4,4,4,4,4,5,5,5,7398451,
0,0,1,1,1,1,1,1,1,1,1,1,2,2,3,3,3,3,3,4,4791898,
0,0,0,0,0,0,0,0,0,0,0,0,0,0,0,0,0,0,0,0,6368818,
1,1,2,2,2,3,4,5,6,6,7,8,8,8,9,9,9,9,10,10,7993613,
0,0,0,0,0,0,0,0,0,0,0,1,1,1,1,1,1,1,1,2,5580989,
0,1,2,2,3,3,3,3,3,4,4,4,4,4,4,4,5,5,5,5,8511526,
1,2,3,4,4,5,6,7,7,8,8,8,8,8,9,10,10,10,10,10,6348700,
1,2,2,3,4,5,5,6,6,6,7,8,8,9,10,11,12,12,13,13,6517628,
1,2,2,3,4,5,5,6,7,8,9,9,10,11,11,11,11,12,13,13,5620925,
0,0,0,0,0,0,0,0,1,1,1,1,1,1,1,1,2,3,3,4,7262221,
1,2,2,3,4,4,5,6,6,6,7,8,8,8,9,10,10,10,11,11,7565165,
1,2,3,3,4,5,6,6,6,6,7,7,7,8,9,9,9,9,9,10,8008768,
0,0,0,0,1,2,2,2,2,2,2,2,2,2,2,2,2,2,2,2,4533741,
0,1,1,1,2,2,2,2,2,2,2,2,2,2,2,2,2,3,3,3,6085219,
0,0,0,0,0,0,0,0,0,0,0,0,0,0,0,0,0,0,0,0,4478056,
1,2,3,3,3,3,4,4,5,6,6,7,7,7,8,9,9,9,9,10,4295049,
1,1,2,2,2,2,2,2,3,3,3,3,3,3,3,3,3,3,3,4,4902747,
1,2,3,3,4,4,5,6,7,7,8,9,10,11,12,13,13,13,14,15,7775162,
0,1,1,2,3,3,3,3,3,3,3,3,3,3,3,3,4,4,5,6,4101525,
0,0,0,0,0,0,0,0,0,0,0,0,0,0,0,0,0,0,0,0,5101080,
0,0,0,0,0,0,0,0,0,0,0,0,0,0,0,0,0,0,0,0,6319506,
0,0,0,0,0,0,0,0,0,0,0,0,0,0,0,0,0,0,0,0,5070022,
0,0,0,0,0,0,0,0,0,0,0,0,0,0,0,0,0,0,0,0,4504183,
0,1,1,2,2,2,2,3,4,4,4,4,4,4,4,4,5,5,5,6,7346119,
0,0,0,0,0,0,0,0,0,0,0,0,0,0,0,0,0,0,0,0,6117322,
0,0,0,0,0,0,0,0,0,0,0,0,0,0,0,0,0,0,0,0,6235762,
1,2,2,3,3,4,4,5,6,7,8,8,8,8,8,8,9,9,9,10,6555261,
1,2,3,4,5,5,5,6,6,6,6,6,7,7,7,7,7,7,8,8,8666018,
1,2,3,3,4,4,5,5,5,5,5,5,5,5,5,6,6,6,6,6,6197862,
1,1,2,2,2,3,3,4,4,4,4,4,4,4,4,4,4,4,4,4,6540013,
1,2,3,4,5,6,6,7,7,7,7,8,8,9,10,10,10,10,10,11,4532785,
1,2,3,4,5,6,7,8,9,10,10,10,10,10,10,11,11,11,11,12,5277845,
1,2,3,4,5,6,7,8,9,10,11,12,13,14,15,16,17,18,19,20,7664114,
1,2,3,3,4,4,4,4,5,5,5,6,7,7,7,7,7,8,8,8,7319187,
1,2,3,3,3,4,5,5,6,7,7,8,9,9,10,10,10,10,10,10,6323485,
0,0,1,1,2,2,3,4,5,5,5,5,6,6,7,7,8,8,8,9,7562671,
0,0,0,0,0,0,0,0,0,0,0,0,0,0,0,0,0,0,0,0,8247303,
1,2,2,3,4,4,4,4,4,4,5,5,5,6,6,6,7,8,8,9,7455786,
1,1,2,2,3,3,4,5,5,5,5,5,5,5,6,6,7,7,7,7,5642082,
0,0,0,0,0,0,0,0,0,0,0,0,0,0,0,0,0,0,0,0,8718703,
0,0,0,0,0,0,0,0,0,0,0,0,0,0,0,0,0,0,0,0,3931300,
0,0,0,0,0,0,0,0,0,0,0,0,0,0,0,0,0,0,0,0,5544368,
0,1,2,2,3,3,4,4,5,5,5,6,6,6,7,7,8,9,9,9,7541829,
1,2,3,4,4,4,5,5,6,7,8,8,8,8,8,9,9,10,10,11,6194663,
1,2,3,4,5,6,7,8,9,10,11,12,13,14,15,16,17,18,19,20,7656783,
0,1,1,1,1,1,1,1,1,1,1,1,1,1,1,1,1,1,1,1,4900152,
0,0,0,1,1,1,2,2,3,3,4,4,4,4,5,5,5,5,5,5,8176997,
1,2,3,3,4,5,5,5,6,7,7,7,8,8,8,8,9,9,9,9,4903963,
1,2,3,4,5,5,5,5,6,7,7,7,7,8,8,8,8,9,9,9,5405032,
0,0,0,0,0,0,0,0,0,0,0,0,0,0,0,0,0,0,0,0,3966734,
0,0,0,0,0,0,0,0,0,0,0,0,0,0,0,0,0,0,0,0,4168379,
0,0,0,0,0,0,0,0,0,0,0,0,0,0,0,0,0,0,0,0,6022645,
1,2,3,3,4,4,5,6,6,6,7,7,8,8,8,8,9,10,10,10,7808986,
1,1,1,1,1,1,1,1,1,1,1,1,2,3,3,3,4,4,4,4,8633860,
0,1,1,1,1,1,1,1,2,2,2,2,2,2,2,2,3,3,4,4,4530491,
0,0,0,0,0,0,0,0,0,0,0,0,0,0,0,0,0,1,1,1,8551780,
1,2,3,4,5,5,5,6,6,6,7,7,7,8,8,8,9,9,10,11,6364584,
1,2,2,2,2,3,4,5,6,7,7,8,9,9,9,10,11,12,12,13,7445982,
1,2,3,4,5,5,5,5,5,5,5,5,5,5,5,5,5,5,5,5,4397788,
0,0,1,1,1,1,1,2,2,2,3,3,3,4,4,4,5,5,5,5,5329147,
0,0,0,0,0,0,0,0,0,0,0,0,0,0,0,0,0,0,0,0,7939254,
1,2,3,4,4,5,5,6,6,6,6,6,6,6,7,7,7,7,7,7,7539640,
1,1,1,1,1,1,2,2,2,2,2,3,3,3,3,3,3,3,3,3,4221124,
1,1,2,2,2,2,2,3,3,3,3,4,4,4,4,4,4,4,4,4,4854952,
0,0,0,1,2,2,2,2,2,2,2,2,2,2,2,2,2,2,2,3,4950407,
1,2,2,2,3,3,4,4,4,4,4,4,4,4,5,5,5,5,5,5,4240767,
0,0,0,0,0,0,0,0,0,1,1,1,1,1,1,1,1,1,1,1,7429602,
1,2,3,3,4,4,5,5,6,6,7,8,8,8,9,9,9,10,10,11,7075664,
0,0,0,0,0,0,0,0,0,0,0,0,0,0,0,0,0,0,0,0,8374143,
0,1,1,1,1,1,1,1,1,2,2,2,3,3,3,3,3,3,3,3,6544089,
0,0,0,0,0,0,0,0,0,0,0,0,0,0,0,0,0,0,0,0,4391837,
1,2,3,3,4,4,4,5,5,6,6,6,7,7,8,8,8,9,9,10,6475884,
0,1,1,2,2,2,2,3,4,4,5,5,5,6,6,6,6,6,7,7,5255899,
0,1,2,3,4,5,6,6,7,8,8,8,8,8,8,8,8,8,8,8,4984079,
0,0,0,0,0,0,0,0,0,0,0,0,1,2,2,2,2,2,2,2,7807454,
1,1,2,2,2,2,2,2,2,2,2,3,3,3,3,3,3,3,3,4,4776154,
1,2,2,3,3,4,5,6,6,7,7,8,8,9,10,10,10,10,10,11,4780821,
1,1,2,3,4,4,5,5,5,5,6,6,6,6,7,8,9,10,10,10,8653839,
0,1,2,2,2,3,3,4,4,4,4,4,4,4,4,4,4,4,4,4,5601579,
0,0,0,1,2,2,2,2,2,3,3,3,3,3,3,3,3,3,3,3,6935889,
0,0,0,0,0,0,0,0,0,0,0,0,0,0,0,0,0,0,0,0,4209074,
1,2,3,3,3,3,3,3,3,4,5,5,6,6,7,7,7,8,8,8,8218982,
1,2,3,3,3,4,4,4,4,5,6,6,6,6,7,7,7,7,7,7,7500019,
1,2,3,3,4,4,4,5,5,5,6,6,6,6,7,8,9,9,9,9,6239984,
0,1,1,1,1,2,2,3,4,5,6,7,7,7,7,8,9,9,10,10,6439300,
1,2,3,4,5,6,7,8,9,10,11,12,13,14,15,16,17,18,19,20,7238852,
1,1,2,3,4,5,5,5,6,7,7,7,8,8,8,9,9,9,9,10,7631940,
0,0,0,0,0,1,1,1,1,1,1,1,1,1,1,1,1,1,1,1,4502314,
0,0,0,0,0,0,0,0,0,0,0,0,0,0,0,0,0,0,0,0,8103401,
1,2,3,3,3,3,4,4,4,4,4,5,5,5,6,6,6,7,7,7,4669491,
0,0,0,0,0,0,0,0,0,0,0,0,0,0,0,0,0,0,0,0,7988371,
0,1,1,1,2,3,3,4,5,6,6,6,6,6,6,6,6,6,6,6,5132458,
1,2,3,3,4,5,6,7,8,8,8,8,8,9,9,9,9,9,9,9,4856415,
1,1,1,2,2,2,2,2,3,3,3,3,3,4,4,4,4,4,4,4,7550463,
0,0,1,2,2,2,3,4,4,5,6,6,7,7,7,8,9,9,9,10,6942439,
0,1,2,3,4,4,4,4,4,4,4,5,5,5,6,6,6,6,6,6,6886613,
1,2,3,4,4,5,5,6,7,7,7,7,7,8,8,8,8,8,9,9,6360557,
1,1,1,1,1,2,2,2,2,2,2,2,2,2,3,3,3,4,4,4,5272512,
0,1,1,1,2,2,3,3,4,4,5,5,5,6,7,7,7,7,7,7,4403566,
1,1,2,2,2,2,2,3,3,3,3,3,3,3,3,3,4,4,4,4,6227434,
0,0,0,0,0,0,0,0,0,0,0,0,0,0,0,0,0,0,0,0,3956066,
1,1,1,1,2,3,3,3,4,4,5,6,6,6,6,7,7,7,8,9,6392755,
0,0,1,1,1,1,1,1,1,2,3,3,4,4,4,4,4,5,5,6,7809159,
1,1,1,1,2,3,3,3,4,5,5,6,6,7,8,9,9,10,10,10,7521179,
0,1,1,2,3,3,3,3,3,3,3,3,3,3,3,3,3,3,3,3,4322642,
1,2,3,3,3,3,4,5,5,5,5,5,5,5,5,5,5,5,5,5,6242639,
1,1,2,3,4,4,5,6,6,7,8,9,9,9,9,9,10,10,10,10,4979776,
1,2,2,3,3,3,3,4,4,4,5,6,6,7,7,7,7,7,7,8,8424400,
1,2,3,4,4,4,4,4,4,4,5,5,6,6,6,7,8,8,9,9,7407592,
1,2,3,4,5,6,7,7,8,8,8,9,10,10,10,11,12,13,14,15,6564409,
1,2,3,4,4,4,4,4,5,5,5,5,5,5,5,5,5,6,6,6,8326596,
1,2,3,4,5,6,7,8,9,10,11,12,13,14,15,16,17,18,19,20,8414896,
0,0,0,1,1,2,3,3,3,3,4,4,5,5,5,5,5,5,5,5,4090346,
1,2,2,2,2,2,3,3,4,4,4,5,6,6,7,8,9,9,10,10,8674647,
0,0,0,0,0,0,0,0,0,0,0,0,0,0,0,0,0,0,0,0,4472170,
1,2,3,3,3,3,3,3,3,4,4,4,5,5,5,5,5,5,5,5,7729901,
1,1,1,2,2,2,2,2,2,2,3,3,3,3,3,3,3,3,3,3,8379252,
0,0,0,0,0,0,0,0,0,0,0,0,0,0,0,0,0,0,0,0,8637401,
1,2,3,4,5,5,6,7,8,9,10,10,11,12,13,14,15,16,17,17,7619438,
0,0,0,0,0,0,0,0,0,0,0,0,0,0,0,0,0,0,0,0,4188322,
1,1,1,2,3,3,4,5,5,5,6,6,6,7,7,7,7,7,7,7,8666250,
1,2,2,2,3,3,3,3,3,4,4,4,4,4,4,4,4,4,4,4,7491768,
0,0,1,1,1,1,1,1,1,1,1,1,1,1,2,2,2,2,2,2,7442504,
0,0,0,0,0,0,0,0,1,1,1,1,1,1,1,1,1,1,1,1,6279130,
1,2,3,4,4,4,5,6,7,8,9,10,11,11,11,11,11,12,12,13,6501053,
1,1,2,3,4,5,5,6,6,7,7,8,9,10,11,12,13,14,14,15,6142817,
0,1,1,2,2,3,4,5,6,7,7,7,7,7,8,8,8,8,8,9,8448787,
1,2,3,4,4,4,4,4,5,6,6,6,6,6,7,7,8,9,9,9,7456492,
0,0,0,0,0,0,0,0,0,0,0,0,0,0,0,0,0,0,0,0,3964239,
0,0,0,0,0,0,0,0,0,0,0,0,0,0,0,0,0,0,0,0,4103647,
1,2,3,4,5,6,6,7,7,8,8,8,8,8,8,8,8,8,8,8,7020838,
1,2,3,4,4,4,5,5,5,5,5,5,6,6,6,6,6,7,8,9,5065731,
0,0,0,0,1,1,2,2,3,3,4,4,5,5,5,5,5,5,5,5,8497759,
1,1,1,2,3,4,5,5,6,6,6,6,6,6,6,7,7,7,8,8,6524548,
0,1,2,3,4,4,4,4,4,5,5,5,6,6,6,6,7,7,7,7,6161179,
1,1,2,3,3,3,4,5,5,5,6,7,8,9,9,9,9,9,10,11,7111016,
0,0,0,0,0,0,0,0,0,0,0,0,0,0,0,0,0,0,0,0,6009597,
1,2,3,4,5,6,7,8,9,10,11,12,13,14,15,16,17,18,19,20,8003506,
1,2,2,3,4,4,4,4,5,5,5,6,6,6,6,7,7,7,7,8,4960411,
1,1,2,3,4,4,4,5,6,7,7,8,9,10,10,11,11,11,12,12,8495162,
0,0,0,0,1,1,1,2,3,4,4,4,5,5,5,6,6,6,6,6,6466794,
1,2,3,4,5,6,7,7,7,8,8,9,9,9,9,9,9,9,9,10,7175315,
1,1,2,2,2,3,3,3,4,4,5,5,6,6,6,6,6,7,7,7,6439663,
1,2,2,2,2,3,4,4,5,5,5,5,5,5,5,5,5,5,6,6,8717597,
0,0,0,0,0,0,0,0,0,0,0,0,0,0,0,0,0,0,0,0,7123422,
0,1,1,1,2,3,3,3,3,4,4,5,5,5,5,5,5,5,5,6,5151978,
0,0,0,0,0,0,0,0,0,0,0,0,0,0,0,0,0,0,0,0,5440034,
0,0,0,0,0,0,0,0,0,0,0,0,0,0,0,0,0,0,0,0,6029843,
1,1,1,1,2,2,2,3,4,5,5,6,6,6,7,8,8,8,8,9,6889505,
1,2,3,4,5,6,7,8,9,10,11,12,13,14,14,15,16,16,17,18,6608892,
0,1,2,3,4,4,4,5,5,5,5,5,5,5,5,5,5,5,6,6,7342180,
1,2,3,4,5,6,7,8,9,10,11,12,13,13,14,14,14,14,14,14,4101714,
1,1,1,2,3,4,5,5,6,6,6,6,7,7,7,7,7,7,7,7,6570310,
0,0,0,0,0,0,0,0,0,0,0,0,0,0,0,0,0,0,0,0,6204292,
0,0,0,0,0,0,0,0,0,0,0,0,0,0,0,0,0,0,0,0,6046849,
1,2,2,2,2,2,2,2,3,3,3,3,4,5,5,5,5,6,6,6,4606766,
1,1,2,2,2,2,2,2,3,4,4,4,4,5,5,5,6,6,6,6,5167246,
0,0,0,0,0,0,0,1,1,1,1,1,1,1,1,1,1,1,1,1,4668744,
1,2,2,2,3,4,4,5,6,7,8,8,8,9,9,9,9,10,10,10,6137407,
1,2,3,4,4,5,6,7,8,8,9,10,11,12,13,14,15,16,17,17,5646169,
0,1,1,1,2,2,3,3,4,4,4,4,5,5,5,5,5,6,6,6,4798728,
1,1,2,2,2,2,3,3,3,3,4,4,5,5,5,5,5,5,5,5,6949061,
1,1,2,2,2,3,4,5,5,5,6,6,7,7,7,7,8,9,9,9,6880570,
1,2,3,3,4,4,5,5,6,6,7,7,8,9,9,10,10,11,11,12,7423119,
0,0,0,0,0,0,0,0,0,0,0,0,0,0,0,0,0,0,0,0,4048557,
1,1,1,1,2,2,2,2,2,2,2,3,3,3,3,3,3,3,3,4,7284413,
1,2,3,3,4,4,4,4,5,5,6,7,7,8,9,9,10,11,12,12,7349056,
0,0,0,1,2,2,2,2,2,2,3,3,3,3,3,3,3,3,3,3,8056161,
0,1,2,2,2,2,3,4,5,6,7,8,8,8,8,9,10,10,10,11,6919409,
0,0,1,1,1,1,1,1,1,2,2,2,2,2,2,2,2,2,2,2,7197524,
1,2,2,3,4,4,5,6,6,7,7,7,7,7,7,7,7,8,8,9,6640371,
1,2,3,4,5,6,6,7,8,8,8,8,8,9,9,9,9,10,11,12,7404999,
1,1,2,2,3,3,4,5,5,6,7,7,7,7,7,7,7,7,7,7,7229253,
1,2,2,2,3,4,5,6,7,7,8,9,10,11,11,12,13,14,14,15,7692995,
0,0,0,0,0,0,0,0,0,0,0,0,0,0,0,0,0,0,0,0,6042725,
1,2,2,2,2,2,2,3,4,4,4,4,4,5,5,5,6,7,8,9,8417643,
0,1,1,2,3,3,3,3,4,5,5,5,5,5,5,5,5,6,6,6,5519570,
0,0,0,0,0,0,0,0,0,0,0,0,0,0,0,0,1,1,1,2,4125491,
1,1,1,1,1,1,2,3,3,3,3,3,3,4,5,6,6,6,6,6,5316858,
1,2,3,4,5,6,7,7,7,8,9,10,10,10,11,11,11,12,13,14,6581372,
0,0,0,0,0,0,0,0,0,0,0,0,0,0,0,0,0,0,0,0,6010604,
0,0,1,1,1,2,2,3,3,4,4,4,4,4,4,4,4,4,4,4,4843482,
1,2,3,3,4,5,6,7,8,8,8,8,9,9,10,11,12,13,14,15,8113619,
1,2,3,4,5,5,5,5,6,7,8,9,10,10,10,10,10,10,10,10,7529758,
1,1,1,2,2,3,3,3,3,3,3,4,5,6,6,6,6,7,7,7,5540473,
1,2,3,3,4,5,6,6,6,7,8,8,9,9,9,9,9,9,9,9,8075284,
0,0,1,1,1,1,1,1,1,1,2,3,3,3,3,3,3,3,3,3,7035292,
0,0,0,0,0,0,0,0,0,0,0,0,0,0,0,0,0,0,0,0,5544484,
1,2,2,2,2,2,3,4,4,4,5,6,7,7,8,9,9,10,10,11,4889515,
0,0,0,1,1,1,1,1,1,1,1,2,2,2,2,2,2,2,2,2,4595849,
1,1,2,3,3,4,5,5,5,5,5,5,6,7,7,7,7,8,9,9,5296869,
0,1,2,3,4,4,5,5,5,6,6,6,7,8,8,8,9,9,9,9,7877571,
1,2,2,2,2,2,2,2,2,2,2,2,2,2,2,2,2,2,2,2,4307730,
0,0,0,0,0,0,0,0,0,1,1,1,1,1,1,1,1,1,1,1,7473381,
1,2,3,4,5,6,7,8,9,10,11,11,12,13,14,15,16,17,18,19,7999295,
1,1,1,1,1,1,2,2,2,2,3,3,3,3,4,4,5,5,5,5,4678830,
0,1,1,1,2,3,4,4,4,5,6,6,7,7,8,9,9,9,9,9,8452817,
1,2,2,3,3,3,3,3,3,3,4,5,6,6,6,6,6,6,7,7,5361671,
1,1,1,1,2,3,3,4,4,5,6,7,7,8,9,10,10,11,12,12,6663229,
0,0,1,1,2,2,3,4,4,5,5,5,5,5,5,5,5,5,5,5,6518388,
0,1,1,2,3,4,4,5,6,6,6,6,6,6,6,6,6,6,6,6,7132666,
1,1,1,1,1,1,1,1,1,1,1,1,2,2,2,3,3,3,3,3,5587236,
0,0,0,0,0,0,0,0,0,0,0,0,0,0,0,0,0,0,0,0,4507864,
0,0,0,1,1,2,3,3,3,4,4,4,4,4,4,4,4,4,4,4,4380676,
1,2,3,4,5,6,7,8,9,10,10,11,12,13,14,14,15,15,15,15,7805906,
1,2,3,4,5,5,6,6,6,6,6,7,8,8,8,8,8,8,8,8,7244780,
1,1,2,3,4,4,4,4,5,5,5,6,6,7,8,8,8,9,9,9,4501391,
0,0,1,2,3,3,4,4,5,6,6,7,7,8,8,9,9,9,9,9,8151427,
1,1,2,2,3,3,3,3,3,4,4,4,4,4,4,4,4,5,5,6,6367051,
1,2,3,4,5,6,6,6,7,8,9,9,9,9,10,10,10,10,10,11,4883218,
0,1,1,2,2,2,2,2,3,3,4,5,6,7,8,9,9,10,11,11,8528169,
0,0,0,0,0,0,0,0,0,0,0,0,0,0,0,0,0,0,0,0,4473312,
1,2,2,3,4,5,6,7,8,9,10,11,11,11,11,11,11,11,11,11,6849966,
0,0,0,0,0,0,0,0,0,0,0,0,0,0,0,0,0,0,0,0,8561188,
1,2,3,4,5,6,7,8,9,10,11,12,13,14,15,16,17,18,19,19,8629092,
0,0,0,0,0,0,0,0,0,0,0,0,0,0,0,0,0,0,0,0,8547027,
0,0,0,0,0,0,0,1,2,3,3,3,3,3,4,4,4,4,4,5,5637326,
1,1,2,2,3,4,4,4,4,5,5,5,5,6,6,6,6,6,6,6,6432848,
1,2,2,2,3,3,4,5,6,6,6,7,7,7,7,7,7,8,9,10,5654820,
1,1,1,1,1,2,2,3,4,4,4,5,5,5,5,5,6,7,8,9,5099196,
1,1,2,3,3,3,3,4,5,5,5,5,5,5,5,6,6,7,7,7,7654426,
0,0,0,0,0,0,0,0,0,0,0,0,0,0,0,0,0,0,0,0,4024889,
1,2,3,4,5,5,5,6,6,6,6,6,6,6,6,6,7,7,7,8,5389145,
1,1,1,1,1,1,1,1,2,2,2,2,2,2,2,3,4,4,5,6,4777174,
1,2,3,4,4,4,5,5,5,5,6,6,7,8,8,9,9,9,9,9,7752667,
0,0,0,1,1,1,1,1,2,2,2,2,2,2,2,2,2,2,2,2,6747042,
0,0,0,0,0,0,0,0,0,0,0,0,0,0,0,0,0,0,0,0,4019063,
1,2,3,4,4,5,6,6,6,7,7,7,7,8,8,8,8,8,8,8,4766602,
1,1,1,2,3,4,4,4,5,6,6,6,6,7,7,7,7,7,7,7,5628587,
1,1,1,1,1,2,3,3,3,4,4,5,5,5,6,6,6,6,6,6,4672459,
1,2,3,4,5,6,7,8,9,10,11,12,13,14,15,16,17,18,19,19,6268425,
0,1,2,2,2,2,3,3,3,3,4,4,4,5,5,5,5,5,5,5,8483261,
0,0,0,1,1,1,1,1,1,2,3,4,5,5,5,5,5,5,5,5,7709024,
0,1,1,1,2,2,2,2,2,2,2,2,2,3,3,3,3,3,4,4,4635601,
1,2,3,3,4,4,5,5,6,7,8,8,8,9,10,10,11,11,11,11,4916043,
0,0,0,0,0,0,0,0,0,0,0,0,0,0,0,0,0,0,0,0,4171553,
1,2,3,4,5,5,6,7,7,7,7,8,9,10,10,10,10,11,12,12,8145817,
0,0,0,0,0,0,0,0,0,0,0,0,0,0,0,0,0,0,0,0,4741884,
1,2,3,3,4,5,5,5,6,7,7,7,7,8,8,8,8,8,9,10,7344796,
1,2,3,4,5,6,7,8,9,10,11,11,12,13,13,13,14,14,14,14,6257660,
1,1,1,1,2,3,3,3,3,3,4,4,5,5,5,5,6,6,6,6,4705515,
1,1,1,2,2,2,3,4,4,5,5,5,5,5,6,6,7,7,7,7,8188938,
0,1,2,2,3,4,4,5,5,5,6,6,6,7,7,8,8,8,8,8,7977623,
0,0,0,0,0,0,0,0,0,0,0,0,0,0,0,0,0,0,0,0,3996187,
0,0,0,0,0,1,1,2,2,3,3,3,4,5,5,5,5,6,6,6,4426555,
0,0,1,1,1,1,1,1,1,1,1,1,2,2,2,2,2,3,3,3,6204386,
1,2,2,2,3,3,4,4,4,4,4,5,5,6,6,7,7,7,7,7,4357648,
1,2,3,3,4,5,5,6,7,7,7,7,8,8,9,9,9,9,9,9,5515015,
1,2,3,3,4,5,5,5,5,5,5,5,6,6,6,6,6,6,6,6,8626812,
1,2,2,2,3,3,3,3,3,3,3,4,5,5,6,7,7,7,7,8,6932563,
1,1,1,1,1,1,1,1,1,1,1,1,1,1,1,1,1,1,1,1,4181332,
1,2,2,3,3,3,4,4,4,4,4,4,4,4,4,4,4,4,5,5,6271585,
0,0,0,0,0,0,0,0,0,0,0,0,0,0,0,0,0,0,0,0,4384254,
0,0,0,0,0,0,0,0,0,0,0,0,0,0,0,0,0,0,0,0,4507630,
0,0,0,1,1,2,2,2,2,2,2,2,3,3,3,3,3,3,3,3,4837810,
0,0,0,0,0,0,0,0,0,0,0,0,0,0,0,0,0,0,0,0,4868257,
0,0,0,0,0,0,0,0,0,0,0,0,0,0,0,0,0,0,0,0,7655831,
0,0,0,0,0,1,1,1,1,1,1,1,1,1,1,1,1,1,2,3,4634436,
0,0,0,0,0,0,0,0,0,0,0,0,0,0,0,0,0,0,0,0,7910585,
0,0,0,0,0,0,0,0,0,0,0,0,1,1,1,1,1,1,2,2,8741112,
0,0,1,2,3,3,4,5,5,5,6,6,6,6,7,7,7,7,7,7,4076988,
0,0,0,0,0,0,0,0,0,0,0,0,0,0,0,0,0,0,0,0,8367701,
1,2,3,4,5,6,7,8,9,10,11,12,13,14,15,16,17,18,19,20,5080328,
1,2,3,4,5,6,6,6,6,7,7,7,8,9,9,9,9,9,9,9,8262580,
1,2,3,4,5,6,7,8,9,10,10,11,12,13,14,14,15,15,16,16,6612559,
1,2,2,2,2,2,3,4,5,5,6,7,7,8,9,10,11,12,13,13,4924507,
1,1,2,3,4,5,6,6,6,7,8,8,8,8,9,9,9,10,10,10,7016977,
1,2,3,4,5,5,6,7,7,7,8,8,8,9,9,9,10,10,10,10,6436771,
1,2,2,3,4,5,5,6,6,7,7,8,9,9,10,11,12,12,12,13,7944735,
1,1,1,1,2,2,2,2,2,2,2,2,2,2,3,3,3,3,3,3,7147547,
1,2,3,4,5,6,6,7,7,7,7,7,8,8,8,8,8,8,8,8,4304723,
1,2,3,4,5,5,5,6,7,8,9,9,9,10,10,11,12,13,13,13,8683139,
1,2,3,3,4,5,6,6,6,6,6,7,7,7,8,8,9,9,9,10,8166677,
0,0,0,1,2,2,3,3,3,4,4,4,4,5,5,5,5,5,5,5,6953225,
1,2,3,3,4,4,5,5,5,5,6,7,8,8,9,9,9,9,9,9,6933848,
0,0,0,0,0,0,0,0,0,0,0,0,0,0,0,0,0,0,0,0,8346308,
0,0,0,0,0,0,0,0,0,0,0,0,0,0,0,0,0,0,0,0,8344813,
1,2,3,4,5,6,7,7,8,9,10,11,12,13,13,14,14,15,15,16,8360651,
1,1,2,2,2,3,4,5,5,5,6,6,6,6,6,6,6,6,6,6,6935263,
1,1,1,1,1,1,1,2,2,2,2,2,2,2,2,3,4,5,5,5,5410496,
1,2,3,4,5,6,7,7,8,9,10,11,12,13,14,15,16,17,18,19,6841640,
0,0,0,0,0,0,0,0,0,0,0,0,0,0,0,0,0,0,0,0,8331483,
1,2,3,4,4,4,5,5,6,6,7,8,8,8,9,9,9,9,9,9,6842789,
0,0,1,1,1,2,2,3,3,3,3,3,3,3,3,3,3,3,3,3,6987418,
1,2,2,3,4,4,4,4,5,5,5,5,5,5,5,5,5,5,5,6,4667442,
1,1,2,3,4,5,6,7,8,8,9,9,9,9,9,10,11,12,12,13,5405150,
0,0,0,0,0,0,0,0,0,0,0,0,0,0,0,0,0,0,0,0,7708367,
0,0,0,0,0,0,0,0,0,0,0,0,0,0,0,0,0,0,0,0,4804592,
1,2,3,4,4,5,6,7,8,8,8,8,9,10,11,12,13,13,13,14,6390693,
1,2,2,2,2,2,3,3,4,5,5,5,6,6,6,6,6,6,7,7,7085732,
0,1,2,3,3,4,5,5,6,6,6,7,7,8,9,9,10,11,12,13,8063280,
1,1,1,1,1,1,1,1,1,1,1,1,1,2,2,2,3,3,3,3,7058200,
1,2,2,2,2,2,2,2,2,2,2,3,3,3,3,3,3,3,3,3,4359695,
0,1,1,1,1,1,1,1,1,1,1,1,2,3,3,3,3,3,3,3,8513356,
0,1,1,2,2,2,2,2,2,2,2,2,2,2,2,2,2,2,2,2,5255488,
0,0,0,0,0,0,0,0,0,0,0,0,0,0,0,0,0,0,0,0,4047774,
1,2,3,3,4,5,5,5,5,5,5,5,5,6,7,8,9,10,10,10,6385932,
0,0,1,1,1,2,3,4,4,4,4,4,5,5,6,6,6,6,6,7,7593339,
0,0,0,0,0,0,0,0,0,0,0,0,0,0,0,0,0,0,0,0,4056189,
0,0,1,1,2,2,2,3,3,3,4,4,4,4,4,4,4,4,4,4,5483214,
0,0,0,0,0,0,0,0,0,0,0,0,0,0,0,0,0,0,0,0,7389191,
1,2,2,3,4,5,6,7,8,9,10,11,11,12,13,14,15,15,16,16,7404269,
0,0,1,1,2,3,3,3,4,4,4,4,4,5,5,6,7,8,8,8,4445040,
1,1,1,2,3,4,5,6,6,7,8,9,10,11,12,13,14,14,14,15,8573489,
0,0,0,0,0,0,0,0,0,0,0,0,0,0,0,0,0,0,0,0,7452694,
1,2,2,3,4,5,5,6,7,7,8,8,9,10,10,10,10,10,10,11,7892436,
1,2,3,4,4,4,5,5,6,6,6,6,6,6,6,6,6,6,6,7,4147494,
0,1,1,1,1,1,1,1,2,2,2,2,2,2,2,2,2,2,2,2,5048682,
0,0,0,0,0,0,0,0,0,0,0,0,0,0,0,0,0,0,0,0,6011129,
1,2,3,4,5,6,7,8,9,10,11,12,13,14,15,16,17,18,19,20,7763370,
1,2,2,3,3,4,4,5,6,6,7,7,7,7,7,8,9,10,10,10,5656877,
1,2,2,3,4,4,4,4,4,4,4,4,5,5,5,5,5,5,6,6,6154696,
0,0,1,1,1,2,2,2,3,3,3,3,3,4,4,4,4,4,5,5,7466697,
0,0,0,0,0,0,0,0,0,0,0,0,0,0,0,0,0,0,0,0,4589488,
0,0,0,0,0,0,0,0,0,0,0,0,0,0,0,0,0,0,0,0,6018176,
1,1,1,1,2,2,2,2,2,2,3,3,3,3,3,3,4,4,4,4,4118787,
1,2,3,4,5,6,6,6,7,8,9,10,10,10,10,10,11,11,12,13,6342007,
1,1,1,1,1,1,1,2,3,4,5,6,6,6,6,7,8,9,9,9,5568237,
0,0,0,0,0,0,0,0,0,0,0,0,0,0,0,0,0,0,0,0,6149038,
1,2,3,3,3,3,4,5,5,5,5,5,6,6,6,6,6,7,7,8,4328131,
0,0,0,0,0,0,0,0,0,0,0,0,0,0,0,0,0,0,0,0,6037265,
1,2,3,3,3,3,4,4,4,4,4,5,5,6,6,6,7,7,7,7,8292565,
0,0,0,0,0,0,0,0,0,0,0,0,0,0,0,0,0,0,0,0,4305822,
1,2,3,4,5,6,7,8,9,10,11,12,13,14,15,16,17,17,17,17,6554726,
0,0,0,0,0,0,0,0,0,0,0,0,0,0,0,0,0,0,0,0,4032408,
1,1,1,2,2,2,3,3,3,4,4,4,4,4,5,5,5,5,5,5,5235769,
0,1,2,2,2,2,3,3,4,4,4,4,4,5,5,5,5,5,5,5,5008324,
0,0,0,0,0,0,0,0,0,0,0,0,0,0,0,0,0,0,0,0,6024962,
0,0,0,0,0,0,0,1,2,2,2,2,3,3,3,3,3,3,3,3,8563337,
0,0,0,0,0,0,0,1,1,1,1,1,1,1,1,1,1,1,1,1,8207128,
1,1,1,2,3,4,5,6,6,7,8,8,9,10,10,11,11,11,11,12,4929275,
1,2,3,4,5,6,7,8,9,10,11,12,13,14,15,16,17,18,19,20,4204022,
0,1,2,2,3,4,4,5,5,5,6,7,8,8,8,8,9,9,9,9,5589518,
1,1,1,1,1,1,1,1,1,2,2,2,2,2,2,2,2,2,3,3,6076062,
1,1,1,1,2,3,3,3,3,3,3,3,4,4,4,5,5,6,6,6,5118514,
1,1,1,2,3,3,3,3,4,4,4,4,4,5,6,6,6,6,7,8,4827095,
0,0,0,0,0,0,0,0,0,0,0,0,0,0,0,0,0,0,0,0,8219191,
0,0,0,1,2,2,2,3,4,4,4,4,4,4,4,4,4,4,4,4,6913436,
1,2,3,4,5,6,6,7,8,9,10,11,12,13,13,14,15,15,15,16,7981534,
0,1,2,3,3,3,3,3,3,4,4,5,5,5,5,5,5,5,6,6,5037875,
0,1,1,2,2,3,3,3,4,5,5,5,5,5,5,5,5,5,5,5,7013287,
0,0,1,1,1,1,2,2,3,3,4,4,4,4,4,5,5,5,5,5,4849247,
0,1,1,2,3,3,4,4,5,6,6,7,8,9,9,9,9,9,10,11,4858159,
1,2,2,2,2,2,3,4,5,6,6,6,6,6,6,6,6,6,6,6,8081220,
0,1,1,1,1,1,1,1,1,1,1,1,1,1,1,1,1,1,1,1,4410173,
0,0,0,0,0,0,0,0,0,0,0,0,0,0,0,0,0,0,0,0,8754429,
0,1,2,2,2,3,4,5,6,6,7,7,7,7,8,8,8,8,9,9,6883357,
0,0,0,0,0,0,0,0,0,0,0,0,0,0,0,0,0,0,0,0,3964597,
0,1,2,3,3,3,3,4,5,6,6,6,6,6,6,6,6,7,8,8,8467281,
1,2,3,4,5,6,7,8,9,9,9,9,10,10,10,11,11,11,12,13,7970756,
0,0,0,1,2,3,3,4,4,5,5,6,6,7,7,8,9,10,11,11,5037978,
1,2,3,4,4,5,6,7,8,9,10,11,12,12,13,14,15,16,17,18,6359973,
1,1,1,1,1,1,1,2,2,2,2,2,2,2,2,2,2,2,3,3,8660899,
0,0,0,0,0,0,0,0,1,1,1,1,1,1,1,1,1,1,2,2,4149979,
0,0,0,0,0,0,0,0,0,0,0,0,0,0,0,0,0,0,0,0,4720475,
1,1,1,2,3,3,3,4,5,5,6,6,6,6,6,6,6,7,7,8,6955936,
0,1,2,3,3,4,4,4,4,4,5,5,6,6,7,7,8,8,9,9,4179675,
1,2,3,3,4,4,5,6,7,8,9,10,11,12,13,14,15,16,17,18,7446083,
1,1,2,2,2,2,2,2,2,2,2,2,2,2,2,2,2,2,2,2,7992117,
0,0,0,0,0,0,0,0,0,0,0,0,0,0,0,0,0,0,0,0,4200204,
0,0,1,2,2,2,3,3,3,4,4,4,5,5,5,6,6,7,7,7,8284179,
1,2,2,3,4,5,6,6,6,7,7,8,8,9,10,11,11,11,12,12,7990410,
1,2,3,4,5,6,7,8,9,9,10,10,10,10,11,12,12,12,12,13,5190623,
1,2,3,3,3,3,3,3,3,4,5,5,5,6,6,6,6,6,6,6,6568010,
0,1,2,2,3,4,5,6,6,7,8,8,8,8,8,8,8,8,8,8,8049000,
1,1,2,2,2,2,2,3,3,3,3,3,3,4,4,4,4,4,4,4,5079976,
0,0,0,1,2,2,2,2,2,3,4,4,4,4,4,4,4,4,4,5,7239311,
1,2,2,3,4,5,6,7,7,7,7,7,7,7,7,7,7,7,7,7,7762007,
0,1,2,2,3,4,4,4,5,5,5,6,6,6,6,6,6,6,6,6,7630841,
1,2,3,4,5,5,6,7,7,8,8,9,10,11,11,11,11,11,11,11,7691293,
0,1,2,3,3,3,4,4,5,5,6,6,7,8,8,8,8,8,9,9,5202048,
0,1,1,1,1,1,1,1,1,1,1,1,1,1,1,1,1,1,1,1,4499131,
0,1,1,1,1,1,2,3,3,3,4,4,5,5,5,5,5,6,6,6,5115236,
1,2,3,4,5,6,7,8,9,9,9,10,10,11,12,13,13,13,14,14,4348349,
1,2,3,3,4,5,5,6,6,7,7,8,9,9,9,10,10,10,11,11,7415866,
1,1,2,2,3,4,4,5,5,5,5,5,5,6,6,7,7,8,8,8,6624277,
