0,0,0,0,0,0,0,0,0,0,0,0,0,0,0,0,0,0,0,0,8255035,
0,0,0,0,0,0,0,0,0,0,0,0,0,0,0,0,0,0,0,0,4345513,
0,0,0,0,0,0,0,0,0,0,0,0,0,0,0,0,0,0,0,0,8450429,
0,0,0,0,0,0,0,0,0,0,0,0,0,0,0,0,0,0,0,0,6382659,
0,0,0,0,0,0,0,0,0,0,0,0,0,0,0,0,0,0,0,0,6477750,
0,0,0,0,0,0,0,0,0,0,0,0,0,0,0,0,0,0,0,0,6142928,
0,0,0,0,0,0,0,0,0,0,0,0,0,0,0,0,0,0,0,0,4017686,
0,0,0,0,0,0,0,0,0,0,0,0,0,0,0,0,0,0,0,0,8736454,
0,0,0,0,0,0,0,0,0,0,0,0,0,0,0,0,0,0,0,0,6274288,
0,0,0,0,0,0,0,0,0,0,0,0,0,0,0,0,0,0,0,0,6304378,
0,0,0,0,0,0,0,0,0,0,0,0,0,0,0,0,0,0,0,0,6538248,
0,0,0,0,0,0,0,0,0,0,0,0,0,0,0,0,0,0,0,0,8048258,
0,0,0,0,0,0,0,0,0,0,0,0,0,0,0,0,0,0,0,0,4352792,
0,0,0,0,0,0,0,0,0,0,0,0,0,0,0,0,0,0,0,0,7293991,
0,0,0,0,0,0,0,0,0,0,0,0,0,0,0,0,0,0,0,0,4317271,
0,0,0,0,0,0,0,0,0,0,0,0,0,0,0,0,0,0,0,0,5300313,
0,0,0,0,0,0,0,0,0,0,0,0,0,0,0,0,0,0,0,0,7595265,
0,0,0,0,0,0,0,0,0,0,0,0,0,0,0,0,0,0,0,0,5100425,
0,0,0,0,0,0,0,0,0,0,0,0,0,0,0,0,0,0,0,0,7934217,
0,0,0,0,0,0,0,0,0,0,0,0,0,0,0,0,0,0,0,0,4333134,
0,0,0,0,0,0,0,0,0,0,0,0,0,0,0,0,0,0,0,0,4451964,
0,0,0,0,0,0,0,0,0,0,0,0,0,0,0,0,0,0,0,0,7214107,
0,0,0,0,0,0,0,0,0,0,0,0,0,0,0,0,0,0,0,0,7919144,
0,0,0,0,0,0,0,0,0,0,0,0,0,0,0,0,0,0,0,0,6873331,
0,0,0,0,0,0,0,0,0,0,0,0,0,0,0,0,0,0,0,0,7326067,
0,0,0,0,0,0,0,0,0,0,0,0,0,0,0,0,0,0,0,0,5273161,
0,0,0,0,0,0,0,0,0,0,0,0,0,0,0,0,0,0,0,0,7291838,
0,0,0,0,0,0,0,0,0,0,0,0,0,0,0,0,0,0,0,0,6899021,
0,0,0,0,0,0,0,0,0,0,0,0,0,0,0,0,0,0,0,0,7306427,
0,0,0,0,0,0,0,0,0,0,0,0,0,0,0,0,0,0,0,0,8248878,
0,0,0,0,0,0,0,0,0,0,0,0,0,0,0,0,0,0,0,0,8130734,
0,0,0,0,0,0,0,0,0,0,0,0,0,0,0,0,0,0,0,0,8492500,
0,0,0,0,0,0,0,0,0,0,0,0,0,0,0,0,0,0,0,0,7995003,
0,0,0,0,0,0,0,0,0,0,0,0,0,0,0,0,0,0,0,0,7662668,
0,0,0,0,0,0,0,0,0,0,0,0,0,0,0,0,0,0,0,0,3992281,
0,0,0,0,0,0,0,0,0,0,0,0,0,0,0,0,0,0,0,0,5057756,
0,0,0,0,0,0,0,0,0,0,0,0,0,0,0,0,0,0,0,0,6269821,
0,0,0,0,0,0,0,0,0,0,0,0,0,0,0,0,0,0,0,0,5065899,
0,0,0,0,0,0,0,0,0,0,0,0,0,0,0,0,0,0,0,0,6886038,
0,0,0,0,0,0,0,0,0,0,0,0,0,0,0,0,0,0,0,0,7877708,
0,0,0,0,0,0,0,0,0,0,0,0,0,0,0,0,0,0,0,0,4889813,
0,0,0,0,0,0,0,0,0,0,0,0,0,0,0,0,0,0,0,0,7370272,
0,0,0,0,0,0,0,0,0,0,0,0,0,0,0,0,0,0,0,0,6889805,
0,0,0,0,0,0,0,0,0,0,0,0,0,0,0,0,0,0,0,0,7246948,
0,0,0,0,0,0,0,0,0,0,0,0,0,0,0,0,0,0,0,0,7949497,
0,0,0,0,0,0,0,0,0,0,0,0,0,0,0,0,0,0,0,0,5444123,
0,0,0,0,0,0,0,0,0,0,0,0,0,0,0,0,0,0,0,0,5399494,
0,0,0,0,0,0,0,0,0,0,0,0,0,0,0,0,0,0,0,0,4547044,
0,0,0,0,0,0,0,0,0,0,0,0,0,0,0,0,0,0,0,0,6521583,
0,0,0,0,0,0,0,0,0,0,0,0,0,0,0,0,0,0,0,0,6320639,
0,0,0,0,0,0,0,0,0,0,0,0,0,0,0,0,0,0,0,0,7428335,
0,0,0,0,0,0,0,0,0,0,0,0,0,0,0,0,0,0,0,0,5194188,
0,0,0,0,0,0,0,0,0,0,0,0,0,0,0,0,0,0,0,0,8152988,
0,0,0,0,0,0,0,0,0,0,0,0,0,0,0,0,0,0,0,0,7168435,
0,0,0,0,0,0,0,0,0,0,0,0,0,0,0,0,0,0,0,0,4097357,
0,0,0,0,0,0,0,0,0,0,0,0,0,0,0,0,0,0,0,0,4239505,
0,0,0,0,0,0,0,0,0,0,0,0,0,0,0,0,0,0,0,0,4051209,
0,0,0,0,0,0,0,0,0,0,0,0,0,0,0,0,0,0,0,0,6032846,
0,0,0,0,0,0,0,0,0,0,0,0,0,0,0,0,0,0,0,0,7255279,
0,0,0,0,0,0,0,0,0,0,0,0,0,0,0,0,0,0,0,0,6993496,
0,0,0,0,0,0,0,0,0,0,0,0,0,0,0,0,0,0,0,0,5005476,
0,0,0,0,0,0,0,0,0,0,0,0,0,0,0,0,0,0,0,0,6184790,
0,0,0,0,0,0,0,0,0,0,0,0,0,0,0,0,0,0,0,0,4646437,
0,0,0,0,0,0,0,0,0,0,0,0,0,0,0,0,0,0,0,0,8604446,
0,0,0,0,0,0,0,0,0,0,0,0,0,0,0,0,0,0,0,0,7874022,
0,0,0,0,0,0,0,0,0,0,0,0,0,0,0,0,0,0,0,0,8001398,
0,0,0,0,0,0,0,0,0,0,0,0,0,0,0,0,0,0,0,0,5550664,
0,0,0,0,0,0,0,0,0,0,0,0,0,0,0,0,0,0,0,0,4811890,
0,0,0,0,0,0,0,0,0,0,0,0,0,0,0,0,0,0,0,0,7621020,
0,0,0,0,0,0,0,0,0,0,0,0,0,0,0,0,0,0,0,0,6845829,
0,0,0,0,0,0,0,0,0,0,0,0,0,0,0,0,0,0,0,0,5332439,
0,0,0,0,0,0,0,0,0,0,0,0,0,0,0,0,0,0,0,0,6035752,
0,0,0,0,0,0,0,0,0,0,0,0,0,0,0,0,0,0,0,0,5398127,
0,0,0,0,0,0,0,0,0,0,0,0,0,0,0,0,0,0,0,0,6120858,
0,0,0,0,0,0,0,0,0,0,0,0,0,0,0,0,0,0,0,0,7686853,
0,0,0,0,0,0,0,0,0,0,0,0,0,0,0,0,0,0,0,0,6613175,
0,0,0,0,0,0,0,0,0,0,0,0,0,0,0,0,0,0,0,0,8670008,
0,0,0,0,0,0,0,0,0,0,0,0,0,0,0,0,0,0,0,0,7943278,
0,0,0,0,0,0,0,0,0,0,0,0,0,0,0,0,0,0,0,0,7185494,
0,0,0,0,0,0,0,0,0,0,0,0,0,0,0,0,0,0,0,0,7254491,
0,0,0,0,0,0,0,0,0,0,0,0,0,0,0,0,0,0,0,0,7914167,
0,0,0,0,0,0,0,0,0,0,0,0,0,0,0,0,0,0,0,0,4885829,
0,0,0,0,0,0,0,0,0,0,0,0,0,0,0,0,0,0,0,0,4817545,
0,0,0,0,0,0,0,0,0,0,0,0,0,0,0,0,0,0,0,0,4162356,
0,0,0,0,0,0,0,0,0,0,0,0,0,0,0,0,0,0,0,0,5323526,
0,0,0,0,0,0,0,0,0,0,0,0,0,0,0,0,0,0,0,0,6563080,
0,0,0,0,0,0,0,0,0,0,0,0,0,0,0,0,0,0,0,0,4930219,
0,0,0,0,0,0,0,0,0,0,0,0,0,0,0,0,0,0,0,0,4886894,
0,0,0,0,0,0,0,0,0,0,0,0,0,0,0,0,0,0,0,0,7949267,
0,0,0,0,0,0,0,0,0,0,0,0,0,0,0,0,0,0,0,0,4886798,
0,0,0,0,0,0,0,0,0,0,0,0,0,0,0,0,0,0,0,0,7295454,
0,0,0,0,0,0,0,0,0,0,0,0,0,0,0,0,0,0,0,0,7012425,
0,0,0,0,0,0,0,0,0,0,0,0,0,0,0,0,0,0,0,0,8192152,
0,0,0,0,0,0,0,0,0,0,0,0,0,0,0,0,0,0,0,0,4538701,
0,0,0,0,0,0,0,0,0,0,0,0,0,0,0,0,0,0,0,0,8731679,
0,0,0,0,0,0,0,0,0,0,0,0,0,0,0,0,0,0,0,0,5652156,
0,0,0,0,0,0,0,0,0,0,0,0,0,0,0,0,0,0,0,0,8174562,
0,0,0,0,0,0,0,0,0,0,0,0,0,0,0,0,0,0,0,0,6601369,
0,0,0,0,0,0,0,0,0,0,0,0,0,0,0,0,0,0,0,0,8021729,
0,0,0,0,0,0,0,0,0,0,0,0,0,0,0,0,0,0,0,0,7083724,
0,0,0,0,0,0,0,0,0,0,0,0,0,0,0,0,0,0,0,0,4272579,
0,0,0,0,0,0,0,0,0,0,0,0,0,0,0,0,0,0,0,0,7764378,
0,0,0,0,0,0,0,0,0,0,0,0,0,0,0,0,0,0,0,0,6429226,
0,0,0,0,0,0,0,0,0,0,0,0,0,0,0,0,0,0,0,0,4952021,
0,0,0,0,0,0,0,0,0,0,0,0,0,0,0,0,0,0,0,0,5274160,
0,0,0,0,0,0,0,0,0,0,0,0,0,0,0,0,0,0,0,0,6623920,
0,0,0,0,0,0,0,0,0,0,0,0,0,0,0,0,0,0,0,0,7729743,
0,0,0,0,0,0,0,0,0,0,0,0,0,0,0,0,0,0,0,0,4399939,
0,0,0,0,0,0,0,0,0,0,0,0,0,0,0,0,0,0,0,0,6316893,
0,0,0,0,0,0,0,0,0,0,0,0,0,0,0,0,0,0,0,0,5115606,
0,0,0,0,0,0,0,0,0,0,0,0,0,0,0,0,0,0,0,0,8063337,
0,0,0,0,0,0,0,0,0,0,0,0,0,0,0,0,0,0,0,0,8663666,
0,0,0,0,0,0,0,0,0,0,0,0,0,0,0,0,0,0,0,0,4617171,
0,0,0,0,0,0,0,0,0,0,0,0,0,0,0,0,0,0,0,0,5285930,
0,0,0,0,0,0,0,0,0,0,0,0,0,0,0,0,0,0,0,0,4338488,
0,0,0,0,0,0,0,0,0,0,0,0,0,0,0,0,0,0,0,0,4926298,
0,0,0,0,0,0,0,0,0,0,0,0,0,0,0,0,0,0,0,0,4816032,
0,0,0,0,0,0,0,0,0,0,0,0,0,0,0,0,0,0,0,0,4448705,
0,0,0,0,0,0,0,0,0,0,0,0,0,0,0,0,0,0,0,0,8192754,
0,0,0,0,0,0,0,0,0,0,0,0,0,0,0,0,0,0,0,0,4240454,
0,0,0,0,0,0,0,0,0,0,0,0,0,0,0,0,0,0,0,0,7720271,
0,0,0,0,0,0,0,0,0,0,0,0,0,0,0,0,0,0,0,0,4340720,
0,0,0,0,0,0,0,0,0,0,0,0,0,0,0,0,0,0,0,0,5024815,
0,0,0,0,0,0,0,0,0,0,0,0,0,0,0,0,0,0,0,0,7946806,
0,0,0,0,0,0,0,0,0,0,0,0,0,0,0,0,0,0,0,0,4794612,
0,0,0,0,0,0,0,0,0,0,0,0,0,0,0,0,0,0,0,0,7227173,
0,0,0,0,0,0,0,0,0,0,0,0,0,0,0,0,0,0,0,0,7153966,
0,0,0,0,0,0,0,0,0,0,0,0,0,0,0,0,0,0,0,0,7421528,
0,0,0,0,0,0,0,0,0,0,0,0,0,0,0,0,0,0,0,0,5155428,
0,0,0,0,0,0,0,0,0,0,0,0,0,0,0,0,0,0,0,0,7822047,
0,0,0,0,0,0,0,0,0,0,0,0,0,0,0,0,0,0,0,0,5384836,
0,0,0,0,0,0,0,0,0,0,0,0,0,0,0,0,0,0,0,0,6485377,
0,0,0,0,0,0,0,0,0,0,0,0,0,0,0,0,0,0,0,0,8553656,
0,0,0,0,0,0,0,0,0,0,0,0,0,0,0,0,0,0,0,0,4841230,
0,0,0,0,0,0,0,0,0,0,0,0,0,0,0,0,0,0,0,0,6851516,
0,0,0,0,0,0,0,0,0,0,0,0,0,0,0,0,0,0,0,0,8600063,
0,0,0,0,0,0,0,0,0,0,0,0,0,0,0,0,0,0,0,0,4688871,
0,0,0,0,0,0,0,0,0,0,0,0,0,0,0,0,0,0,0,0,4226750,
0,0,0,0,0,0,0,0,0,0,0,0,0,0,0,0,0,0,0,0,4732970,
0,0,0,0,0,0,0,0,0,0,0,0,0,0,0,0,0,0,0,0,6847045,
0,0,0,0,0,0,0,0,0,0,0,0,0,0,0,0,0,0,0,0,8131101,
0,0,0,0,0,0,0,0,0,0,0,0,0,0,0,0,0,0,0,0,4546054,
0,0,0,0,0,0,0,0,0,0,0,0,0,0,0,0,0,0,0,0,8056694,
0,0,0,0,0,0,0,0,0,0,0,0,0,0,0,0,0,0,0,0,7901325,
0,0,0,0,0,0,0,0,0,0,0,0,0,0,0,0,0,0,0,0,7993579,
0,0,0,0,0,0,0,0,0,0,0,0,0,0,0,0,0,0,0,0,7059855,
0,0,0,0,0,0,0,0,0,0,0,0,0,0,0,0,0,0,0,0,8694315,
0,0,0,0,0,0,0,0,0,0,0,0,0,0,0,0,0,0,0,0,6108346,
0,0,0,0,0,0,0,0,0,0,0,0,0,0,0,0,0,0,0,0,7579490,
0,0,0,0,0,0,0,0,0,0,0,0,0,0,0,0,0,0,0,0,6937423,
0,0,0,0,0,0,0,0,0,0,0,0,0,0,0,0,0,0,0,0,4506919,
0,0,0,0,0,0,0,0,0,0,0,0,0,0,0,0,0,0,0,0,6407009,
0,0,0,0,0,0,0,0,0,0,0,0,0,0,0,0,0,0,0,0,8123310,
0,0,0,0,0,0,0,0,0,0,0,0,0,0,0,0,0,0,0,0,7804533,
0,0,0,0,0,0,0,0,0,0,0,0,0,0,0,0,0,0,0,0,4535307,
0,0,0,0,0,0,0,0,0,0,0,0,0,0,0,0,0,0,0,0,6052076,
0,0,0,0,0,0,0,0,0,0,0,0,0,0,0,0,0,0,0,0,8615751,
0,0,0,0,0,0,0,0,0,0,0,0,0,0,0,0,0,0,0,0,7412128,
0,0,0,0,0,0,0,0,0,0,0,0,0,0,0,0,0,0,0,0,5293369,
0,0,0,0,0,0,0,0,0,0,0,0,0,0,0,0,0,0,0,0,8264253,
0,0,0,0,0,0,0,0,0,0,0,0,0,0,0,0,0,0,0,0,4504867,
0,0,0,0,0,0,0,0,0,0,0,0,0,0,0,0,0,0,0,0,7704519,
0,0,0,0,0,0,0,0,0,0,0,0,0,0,0,0,0,0,0,0,7500038,
0,0,0,0,0,0,0,0,0,0,0,0,0,0,0,0,0,0,0,0,7277080,
0,0,0,0,0,0,0,0,0,0,0,0,0,0,0,0,0,0,0,0,4041620,
0,0,0,0,0,0,0,0,0,0,0,0,0,0,0,0,0,0,0,0,8074261,
0,0,0,0,0,0,0,0,0,0,0,0,0,0,0,0,0,0,0,0,4659064,
0,0,0,0,0,0,0,0,0,0,0,0,0,0,0,0,0,0,0,0,6058903,
0,0,0,0,0,0,0,0,0,0,0,0,0,0,0,0,0,0,0,0,3932343,
0,0,0,0,0,0,0,0,0,0,0,0,0,0,0,0,0,0,0,0,4130501,
0,0,0,0,0,0,0,0,0,0,0,0,0,0,0,0,0,0,0,0,6401947,
0,0,0,0,0,0,0,0,0,0,0,0,0,0,0,0,0,0,0,0,7292350,
0,0,0,0,0,0,0,0,0,0,0,0,0,0,0,0,0,0,0,0,4544649,
0,0,0,0,0,0,0,0,0,0,0,0,0,0,0,0,0,0,0,0,5583493,
0,0,0,0,0,0,0,0,0,0,0,0,0,0,0,0,0,0,0,0,4657180,
0,0,0,0,0,0,0,0,0,0,0,0,0,0,0,0,0,0,0,0,4830608,
0,0,0,0,0,0,0,0,0,0,0,0,0,0,0,0,0,0,0,0,5002913,
0,0,0,0,0,0,0,0,0,0,0,0,0,0,0,0,0,0,0,0,7878414,
0,0,0,0,0,0,0,0,0,0,0,0,0,0,0,0,0,0,0,0,8658854,
0,0,0,0,0,0,0,0,0,0,0,0,0,0,0,0,0,0,0,0,6135074,
0,0,0,0,0,0,0,0,0,0,0,0,0,0,0,0,0,0,0,0,6303273,
0,0,0,0,0,0,0,0,0,0,0,0,0,0,0,0,0,0,0,0,7359813,
0,0,0,0,0,0,0,0,0,0,0,0,0,0,0,0,0,0,0,0,5091798,
0,0,0,0,0,0,0,0,0,0,0,0,0,0,0,0,0,0,0,0,7079652,
0,0,0,0,0,0,0,0,0,0,0,0,0,0,0,0,0,0,0,0,5109588,
0,0,0,0,0,0,0,0,0,0,0,0,0,0,0,0,0,0,0,0,7590626,
0,0,0,0,0,0,0,0,0,0,0,0,0,0,0,0,0,0,0,0,5468289,
0,0,0,0,0,0,0,0,0,0,0,0,0,0,0,0,0,0,0,0,4397692,
0,0,0,0,0,0,0,0,0,0,0,0,0,0,0,0,0,0,0,0,5337208,
0,0,0,0,0,0,0,0,0,0,0,0,0,0,0,0,0,0,0,0,7792309,
0,0,0,0,0,0,0,0,0,0,0,0,0,0,0,0,0,0,0,0,8467888,
0,0,0,0,0,0,0,0,0,0,0,0,0,0,0,0,0,0,0,0,4727950,
0,0,0,0,0,0,0,0,0,0,0,0,0,0,0,0,0,0,0,0,7918017,
0,0,0,0,0,0,0,0,0,0,0,0,0,0,0,0,0,0,0,0,6907417,
0,0,0,0,0,0,0,0,0,0,0,0,0,0,0,0,0,0,0,0,5347562,
0,0,0,0,0,0,0,0,0,0,0,0,0,0,0,0,0,0,0,0,7714047,
0,0,0,0,0,0,0,0,0,0,0,0,0,0,0,0,0,0,0,0,8030954,
0,0,0,0,0,0,0,0,0,0,0,0,0,0,0,0,0,0,0,0,8672038,
0,0,0,0,0,0,0,0,0,0,0,0,0,0,0,0,0,0,0,0,4849854,
0,0,0,0,0,0,0,0,0,0,0,0,0,0,0,0,0,0,0,0,7361696,
0,0,0,0,0,0,0,0,0,0,0,0,0,0,0,0,0,0,0,0,5388738,
0,0,0,0,0,0,0,0,0,0,0,0,0,0,0,0,0,0,0,0,7421790,
0,0,0,0,0,0,0,0,0,0,0,0,0,0,0,0,0,0,0,0,7495176,
0,0,0,0,0,0,0,0,0,0,0,0,0,0,0,0,0,0,0,0,5454993,
0,0,0,0,0,0,0,0,0,0,0,0,0,0,0,0,0,0,0,0,8754397,
0,0,0,0,0,0,0,0,0,0,0,0,0,0,0,0,0,0,0,0,6474479,
0,0,0,0,0,0,0,0,0,0,0,0,0,0,0,0,0,0,0,0,7292889,
0,0,0,0,0,0,0,0,0,0,0,0,0,0,0,0,0,0,0,0,7094776,
0,0,0,0,0,0,0,0,0,0,0,0,0,0,0,0,0,0,0,0,6559080,
0,0,0,0,0,0,0,0,0,0,0,0,0,0,0,0,0,0,0,0,4290232,
0,0,0,0,0,0,0,0,0,0,0,0,0,0,0,0,0,0,0,0,8621790,
0,0,0,0,0,0,0,0,0,0,0,0,0,0,0,0,0,0,0,0,5048132,
0,0,0,0,0,0,0,0,0,0,0,0,0,0,0,0,0,0,0,0,6867391,
0,0,0,0,0,0,0,0,0,0,0,0,0,0,0,0,0,0,0,0,4096977,
0,0,0,0,0,0,0,0,0,0,0,0,0,0,0,0,0,0,0,0,5215919,
0,0,0,0,0,0,0,0,0,0,0,0,0,0,0,0,0,0,0,0,8416277,
0,0,0,0,0,0,0,0,0,0,0,0,0,0,0,0,0,0,0,0,8419997,
0,0,0,0,0,0,0,0,0,0,0,0,0,0,0,0,0,0,0,0,6363888,
0,0,0,0,0,0,0,0,0,0,0,0,0,0,0,0,0,0,0,0,7460367,
0,0,0,0,0,0,0,0,0,0,0,0,0,0,0,0,0,0,0,0,4000494,
0,0,0,0,0,0,0,0,0,0,0,0,0,0,0,0,0,0,0,0,7181857,
0,0,0,0,0,0,0,0,0,0,0,0,0,0,0,0,0,0,0,0,5326890,
0,0,0,0,0,0,0,0,0,0,0,0,0,0,0,0,0,0,0,0,6379554,
0,0,0,0,0,0,0,0,0,0,0,0,0,0,0,0,0,0,0,0,6472463,
0,0,0,0,0,0,0,0,0,0,0,0,0,0,0,0,0,0,0,0,4169065,
0,0,0,0,0,0,0,0,0,0,0,0,0,0,0,0,0,0,0,0,4294145,
0,0,0,0,0,0,0,0,0,0,0,0,0,0,0,0,0,0,0,0,8711673,
0,0,0,0,0,0,0,0,0,0,0,0,0,0,0,0,0,0,0,0,6852507,
0,0,0,0,0,0,0,0,0,0,0,0,0,0,0,0,0,0,0,0,8722605,
0,0,0,0,0,0,0,0,0,0,0,0,0,0,0,0,0,0,0,0,4685612,
0,0,0,0,0,0,0,0,0,0,0,0,0,0,0,0,0,0,0,0,4223427,
0,0,0,0,0,0,0,0,0,0,0,0,0,0,0,0,0,0,0,0,7764143,
0,0,0,0,0,0,0,0,0,0,0,0,0,0,0,0,0,0,0,0,4163587,
0,0,0,0,0,0,0,0,0,0,0,0,0,0,0,0,0,0,0,0,6101669,
0,0,0,0,0,0,0,0,0,0,0,0,0,0,0,0,0,0,0,0,6295994,
0,0,0,0,0,0,0,0,0,0,0,0,0,0,0,0,0,0,0,0,7338211,
0,0,0,0,0,0,0,0,0,0,0,0,0,0,0,0,0,0,0,0,5236796,
0,0,0,0,0,0,0,0,0,0,0,0,0,0,0,0,0,0,0,0,6994247,
0,0,0,0,0,0,0,0,0,0,0,0,0,0,0,0,0,0,0,0,8530365,
0,0,0,0,0,0,0,0,0,0,0,0,0,0,0,0,0,0,0,0,4267711,
0,0,0,0,0,0,0,0,0,0,0,0,0,0,0,0,0,0,0,0,7618637,
0,0,0,0,0,0,0,0,0,0,0,0,0,0,0,0,0,0,0,0,6224991,
0,0,0,0,0,0,0,0,0,0,0,0,0,0,0,0,0,0,0,0,4491965,
0,0,0,0,0,0,0,0,0,0,0,0,0,0,0,0,0,0,0,0,7059449,
0,0,0,0,0,0,0,0,0,0,0,0,0,0,0,0,0,0,0,0,7839232,
0,0,0,0,0,0,0,0,0,0,0,0,0,0,0,0,0,0,0,0,4444477,
0,0,0,0,0,0,0,0,0,0,0,0,0,0,0,0,0,0,0,0,8173690,
0,0,0,0,0,0,0,0,0,0,0,0,0,0,0,0,0,0,0,0,6680153,
0,0,0,0,0,0,0,0,0,0,0,0,0,0,0,0,0,0,0,0,8665213,
0,0,0,0,0,0,0,0,0,0,0,0,0,0,0,0,0,0,0,0,7601066,
0,0,0,0,0,0,0,0,0,0,0,0,0,0,0,0,0,0,0,0,5243511,
0,0,0,0,0,0,0,0,0,0,0,0,0,0,0,0,0,0,0,0,7995328,
0,0,0,0,0,0,0,0,0,0,0,0,0,0,0,0,0,0,0,0,4620327,
0,0,0,0,0,0,0,0,0,0,0,0,0,0,0,0,0,0,0,0,8360138,
0,0,0,0,0,0,0,0,0,0,0,0,0,0,0,0,0,0,0,0,7558545,
0,0,0,0,0,0,0,0,0,0,0,0,0,0,0,0,0,0,0,0,7918836,
0,0,0,0,0,0,0,0,0,0,0,0,0,0,0,0,0,0,0,0,8746882,
0,0,0,0,0,0,0,0,0,0,0,0,0,0,0,0,0,0,0,0,4085789,
0,0,0,0,0,0,0,0,0,0,0,0,0,0,0,0,0,0,0,0,8288629,
0,0,0,0,0,0,0,0,0,0,0,0,0,0,0,0,0,0,0,0,7206449,
0,0,0,0,0,0,0,0,0,0,0,0,0,0,0,0,0,0,0,0,5145792,
0,0,0,0,0,0,0,0,0,0,0,0,0,0,0,0,0,0,0,0,6212494,
0,0,0,0,0,0,0,0,0,0,0,0,0,0,0,0,0,0,0,0,8048203,
0,0,0,0,0,0,0,0,0,0,0,0,0,0,0,0,0,0,0,0,4272556,
0,0,0,0,0,0,0,0,0,0,0,0,0,0,0,0,0,0,0,0,4318909,
0,0,0,0,0,0,0,0,0,0,0,0,0,0,0,0,0,0,0,0,4459965,
0,0,0,0,0,0,0,0,0,0,0,0,0,0,0,0,0,0,0,0,8037212,
0,0,0,0,0,0,0,0,0,0,0,0,0,0,0,0,0,0,0,0,5587563,
0,0,0,0,0,0,0,0,0,0,0,0,0,0,0,0,0,0,0,0,7694507,
0,0,0,0,0,0,0,0,0,0,0,0,0,0,0,0,0,0,0,0,4297919,
0,0,0,0,0,0,0,0,0,0,0,0,0,0,0,0,0,0,0,0,4131227,
0,0,0,0,0,0,0,0,0,0,0,0,0,0,0,0,0,0,0,0,8698574,
0,0,0,0,0,0,0,0,0,0,0,0,0,0,0,0,0,0,0,0,5377789,
0,0,0,0,0,0,0,0,0,0,0,0,0,0,0,0,0,0,0,0,5299750,
0,0,0,0,0,0,0,0,0,0,0,0,0,0,0,0,0,0,0,0,7413737,
0,0,0,0,0,0,0,0,0,0,0,0,0,0,0,0,0,0,0,0,5144710,
0,0,0,0,0,0,0,0,0,0,0,0,0,0,0,0,0,0,0,0,7776069,
0,0,0,0,0,0,0,0,0,0,0,0,0,0,0,0,0,0,0,0,7931091,
0,0,0,0,0,0,0,0,0,0,0,0,0,0,0,0,0,0,0,0,5481245,
0,0,0,0,0,0,0,0,0,0,0,0,0,0,0,0,0,0,0,0,7161313,
0,0,0,0,0,0,0,0,0,0,0,0,0,0,0,0,0,0,0,0,8340164,
0,0,0,0,0,0,0,0,0,0,0,0,0,0,0,0,0,0,0,0,7796295,
0,0,0,0,0,0,0,0,0,0,0,0,0,0,0,0,0,0,0,0,7963178,
0,0,0,0,0,0,0,0,0,0,0,0,0,0,0,0,0,0,0,0,8743039,
0,0,0,0,0,0,0,0,0,0,0,0,0,0,0,0,0,0,0,0,4749703,
0,0,0,0,0,0,0,0,0,0,0,0,0,0,0,0,0,0,0,0,3938360,
0,0,0,0,0,0,0,0,0,0,0,0,0,0,0,0,0,0,0,0,8555217,
0,0,0,0,0,0,0,0,0,0,0,0,0,0,0,0,0,0,0,0,6649617,
0,0,0,0,0,0,0,0,0,0,0,0,0,0,0,0,0,0,0,0,7107085,
0,0,0,0,0,0,0,0,0,0,0,0,0,0,0,0,0,0,0,0,7902933,
0,0,0,0,0,0,0,0,0,0,0,0,0,0,0,0,0,0,0,0,8264631,
0,0,0,0,0,0,0,0,0,0,0,0,0,0,0,0,0,0,0,0,7457974,
0,0,0,0,0,0,0,0,0,0,0,0,0,0,0,0,0,0,0,0,6189117,
0,0,0,0,0,0,0,0,0,0,0,0,0,0,0,0,0,0,0,0,4427898,
0,0,0,0,0,0,0,0,0,0,0,0,0,0,0,0,0,0,0,0,8287597,
0,0,0,0,0,0,0,0,0,0,0,0,0,0,0,0,0,0,0,0,8120566,
0,0,0,0,0,0,0,0,0,0,0,0,0,0,0,0,0,0,0,0,6847525,
0,0,0,0,0,0,0,0,0,0,0,0,0,0,0,0,0,0,0,0,4310542,
0,0,0,0,0,0,0,0,0,0,0,0,0,0,0,0,0,0,0,0,8033029,
0,0,0,0,0,0,0,0,0,0,0,0,0,0,0,0,0,0,0,0,6924761,
0,0,0,0,0,0,0,0,0,0,0,0,0,0,0,0,0,0,0,0,5242000,
0,0,0,0,0,0,0,0,0,0,0,0,0,0,0,0,0,0,0,0,6047245,
0,0,0,0,0,0,0,0,0,0,0,0,0,0,0,0,0,0,0,0,6470209,
0,0,0,0,0,0,0,0,0,0,0,0,0,0,0,0,0,0,0,0,4732414,
0,0,0,0,0,0,0,0,0,0,0,0,0,0,0,0,0,0,0,0,3978423,
0,0,0,0,0,0,0,0,0,0,0,0,0,0,0,0,0,0,0,0,8327945,
0,0,0,0,0,0,0,0,0,0,0,0,0,0,0,0,0,0,0,0,4100381,
0,0,0,0,0,0,0,0,0,0,0,0,0,0,0,0,0,0,0,0,5200450,
0,0,0,0,0,0,0,0,0,0,0,0,0,0,0,0,0,0,0,0,3996423,
0,0,0,0,0,0,0,0,0,0,0,0,0,0,0,0,0,0,0,0,5347365,
0,0,0,0,0,0,0,0,0,0,0,0,0,0,0,0,0,0,0,0,4556986,
0,0,0,0,0,0,0,0,0,0,0,0,0,0,0,0,0,0,0,0,7594467,
0,0,0,0,0,0,0,0,0,0,0,0,0,0,0,0,0,0,0,0,7891885,
0,0,0,0,0,0,0,0,0,0,0,0,0,0,0,0,0,0,0,0,6163915,
0,0,0,0,0,0,0,0,0,0,0,0,0,0,0,0,0,0,0,0,6402750,
0,0,0,0,0,0,0,0,0,0,0,0,0,0,0,0,0,0,0,0,5216885,
0,0,0,0,0,0,0,0,0,0,0,0,0,0,0,0,0,0,0,0,7939128,
0,0,0,0,0,0,0,0,0,0,0,0,0,0,0,0,0,0,0,0,8130511,
0,0,0,0,0,0,0,0,0,0,0,0,0,0,0,0,0,0,0,0,6511320,
0,0,0,0,0,0,0,0,0,0,0,0,0,0,0,0,0,0,0,0,7923064,
0,0,0,0,0,0,0,0,0,0,0,0,0,0,0,0,0,0,0,0,4892319,
0,0,0,0,0,0,0,0,0,0,0,0,0,0,0,0,0,0,0,0,5497525,
0,0,0,0,0,0,0,0,0,0,0,0,0,0,0,0,0,0,0,0,5499169,
0,0,0,0,0,0,0,0,0,0,0,0,0,0,0,0,0,0,0,0,4966715,
0,0,0,0,0,0,0,0,0,0,0,0,0,0,0,0,0,0,0,0,7169275,
0,0,0,0,0,0,0,0,0,0,0,0,0,0,0,0,0,0,0,0,6303109,
0,0,0,0,0,0,0,0,0,0,0,0,0,0,0,0,0,0,0,0,8232721,
0,0,0,0,0,0,0,0,0,0,0,0,0,0,0,0,0,0,0,0,6563241,
0,0,0,0,0,0,0,0,0,0,0,0,0,0,0,0,0,0,0,0,4708998,
0,0,0,0,0,0,0,0,0,0,0,0,0,0,0,0,0,0,0,0,4986280,
0,0,0,0,0,0,0,0,0,0,0,0,0,0,0,0,0,0,0,0,3964914,
0,0,0,0,0,0,0,0,0,0,0,0,0,0,0,0,0,0,0,0,4691338,
0,0,0,0,0,0,0,0,0,0,0,0,0,0,0,0,0,0,0,0,7557236,
0,0,0,0,0,0,0,0,0,0,0,0,0,0,0,0,0,0,0,0,4974451,
0,0,0,0,0,0,0,0,0,0,0,0,0,0,0,0,0,0,0,0,8262644,
0,0,0,0,0,0,0,0,0,0,0,0,0,0,0,0,0,0,0,0,7963656,
0,0,0,0,0,0,0,0,0,0,0,0,0,0,0,0,0,0,0,0,6809357,
0,0,0,0,0,0,0,0,0,0,0,0,0,0,0,0,0,0,0,0,7278274,
0,0,0,0,0,0,0,0,0,0,0,0,0,0,0,0,0,0,0,0,5137316,
0,0,0,0,0,0,0,0,0,0,0,0,0,0,0,0,0,0,0,0,4126907,
0,0,0,0,0,0,0,0,0,0,0,0,0,0,0,0,0,0,0,0,6216456,
0,0,0,0,0,0,0,0,0,0,0,0,0,0,0,0,0,0,0,0,6540439,
0,0,0,0,0,0,0,0,0,0,0,0,0,0,0,0,0,0,0,0,5499863,
0,0,0,0,0,0,0,0,0,0,0,0,0,0,0,0,0,0,0,0,4943443,
0,0,0,0,0,0,0,0,0,0,0,0,0,0,0,0,0,0,0,0,4730164,
0,0,0,0,0,0,0,0,0,0,0,0,0,0,0,0,0,0,0,0,7246115,
0,0,0,0,0,0,0,0,0,0,0,0,0,0,0,0,0,0,0,0,6318595,
0,0,0,0,0,0,0,0,0,0,0,0,0,0,0,0,0,0,0,0,8056792,
0,0,0,0,0,0,0,0,0,0,0,0,0,0,0,0,0,0,0,0,6199978,
0,0,0,0,0,0,0,0,0,0,0,0,0,0,0,0,0,0,0,0,4830003,
0,0,0,0,0,0,0,0,0,0,0,0,0,0,0,0,0,0,0,0,6259926,
0,0,0,0,0,0,0,0,0,0,0,0,0,0,0,0,0,0,0,0,7214933,
0,0,0,0,0,0,0,0,0,0,0,0,0,0,0,0,0,0,0,0,4032666,
0,0,0,0,0,0,0,0,0,0,0,0,0,0,0,0,0,0,0,0,4489453,
0,0,0,0,0,0,0,0,0,0,0,0,0,0,0,0,0,0,0,0,7583970,
0,0,0,0,0,0,0,0,0,0,0,0,0,0,0,0,0,0,0,0,6853110,
0,0,0,0,0,0,0,0,0,0,0,0,0,0,0,0,0,0,0,0,5214260,
0,0,0,0,0,0,0,0,0,0,0,0,0,0,0,0,0,0,0,0,6500715,
0,0,0,0,0,0,0,0,0,0,0,0,0,0,0,0,0,0,0,0,5054584,
0,0,0,0,0,0,0,0,0,0,0,0,0,0,0,0,0,0,0,0,4890006,
0,0,0,0,0,0,0,0,0,0,0,0,0,0,0,0,0,0,0,0,5453527,
0,0,0,0,0,0,0,0,0,0,0,0,0,0,0,0,0,0,0,0,8541868,
0,0,0,0,0,0,0,0,0,0,0,0,0,0,0,0,0,0,0,0,7992313,
0,0,0,0,0,0,0,0,0,0,0,0,0,0,0,0,0,0,0,0,5264010,
0,0,0,0,0,0,0,0,0,0,0,0,0,0,0,0,0,0,0,0,4531839,
0,0,0,0,0,0,0,0,0,0,0,0,0,0,0,0,0,0,0,0,5516261,
0,0,0,0,0,0,0,0,0,0,0,0,0,0,0,0,0,0,0,0,6496541,
0,0,0,0,0,0,0,0,0,0,0,0,0,0,0,0,0,0,0,0,7982493,
0,0,0,0,0,0,0,0,0,0,0,0,0,0,0,0,0,0,0,0,7219818,
0,0,0,0,0,0,0,0,0,0,0,0,0,0,0,0,0,0,0,0,7766809,
0,0,0,0,0,0,0,0,0,0,0,0,0,0,0,0,0,0,0,0,4884792,
0,0,0,0,0,0,0,0,0,0,0,0,0,0,0,0,0,0,0,0,7171167,
0,0,0,0,0,0,0,0,0,0,0,0,0,0,0,0,0,0,0,0,6861144,
0,0,0,0,0,0,0,0,0,0,0,0,0,0,0,0,0,0,0,0,5032584,
0,0,0,0,0,0,0,0,0,0,0,0,0,0,0,0,0,0,0,0,4477780,
0,0,0,0,0,0,0,0,0,0,0,0,0,0,0,0,0,0,0,0,4611099,
0,0,0,0,0,0,0,0,0,0,0,0,0,0,0,0,0,0,0,0,6329668,
0,0,0,0,0,0,0,0,0,0,0,0,0,0,0,0,0,0,0,0,4719286,
0,0,0,0,0,0,0,0,0,0,0,0,0,0,0,0,0,0,0,0,5605984,
0,0,0,0,0,0,0,0,0,0,0,0,0,0,0,0,0,0,0,0,5392987,
0,0,0,0,0,0,0,0,0,0,0,0,0,0,0,0,0,0,0,0,5350676,
0,0,0,0,0,0,0,0,0,0,0,0,0,0,0,0,0,0,0,0,4714519,
0,0,0,0,0,0,0,0,0,0,0,0,0,0,0,0,0,0,0,0,8266817,
0,0,0,0,0,0,0,0,0,0,0,0,0,0,0,0,0,0,0,0,6158611,
0,0,0,0,0,0,0,0,0,0,0,0,0,0,0,0,0,0,0,0,4126936,
0,0,0,0,0,0,0,0,0,0,0,0,0,0,0,0,0,0,0,0,4453887,
0,0,0,0,0,0,0,0,0,0,0,0,0,0,0,0,0,0,0,0,8527281,
0,0,0,0,0,0,0,0,0,0,0,0,0,0,0,0,0,0,0,0,7097397,
0,0,0,0,0,0,0,0,0,0,0,0,0,0,0,0,0,0,0,0,4211785,
0,0,0,0,0,0,0,0,0,0,0,0,0,0,0,0,0,0,0,0,4801130,
0,0,0,0,0,0,0,0,0,0,0,0,0,0,0,0,0,0,0,0,7757025,
0,0,0,0,0,0,0,0,0,0,0,0,0,0,0,0,0,0,0,0,8596674,
0,0,0,0,0,0,0,0,0,0,0,0,0,0,0,0,0,0,0,0,4885237,
0,0,0,0,0,0,0,0,0,0,0,0,0,0,0,0,0,0,0,0,5382760,
0,0,0,0,0,0,0,0,0,0,0,0,0,0,0,0,0,0,0,0,4772601,
0,0,0,0,0,0,0,0,0,0,0,0,0,0,0,0,0,0,0,0,6063590,
0,0,0,0,0,0,0,0,0,0,0,0,0,0,0,0,0,0,0,0,6068283,
0,0,0,0,0,0,0,0,0,0,0,0,0,0,0,0,0,0,0,0,8344546,
0,0,0,0,0,0,0,0,0,0,0,0,0,0,0,0,0,0,0,0,5247636,
0,0,0,0,0,0,0,0,0,0,0,0,0,0,0,0,0,0,0,0,6346993,
0,0,0,0,0,0,0,0,0,0,0,0,0,0,0,0,0,0,0,0,6048055,
0,0,0,0,0,0,0,0,0,0,0,0,0,0,0,0,0,0,0,0,6997801,
0,0,0,0,0,0,0,0,0,0,0,0,0,0,0,0,0,0,0,0,5051658,
0,0,0,0,0,0,0,0,0,0,0,0,0,0,0,0,0,0,0,0,7522314,
0,0,0,0,0,0,0,0,0,0,0,0,0,0,0,0,0,0,0,0,6168022,
0,0,0,0,0,0,0,0,0,0,0,0,0,0,0,0,0,0,0,0,8700543,
0,0,0,0,0,0,0,0,0,0,0,0,0,0,0,0,0,0,0,0,8464500,
0,0,0,0,0,0,0,0,0,0,0,0,0,0,0,0,0,0,0,0,4246168,
0,0,0,0,0,0,0,0,0,0,0,0,0,0,0,0,0,0,0,0,6417737,
0,0,0,0,0,0,0,0,0,0,0,0,0,0,0,0,0,0,0,0,8104633,
0,0,0,0,0,0,0,0,0,0,0,0,0,0,0,0,0,0,0,0,6401123,
0,0,0,0,0,0,0,0,0,0,0,0,0,0,0,0,0,0,0,0,5358916,
0,0,0,0,0,0,0,0,0,0,0,0,0,0,0,0,0,0,0,0,5253640,
0,0,0,0,0,0,0,0,0,0,0,0,0,0,0,0,0,0,0,0,7216391,
0,0,0,0,0,0,0,0,0,0,0,0,0,0,0,0,0,0,0,0,7329778,
0,0,0,0,0,0,0,0,0,0,0,0,0,0,0,0,0,0,0,0,5404072,
0,0,0,0,0,0,0,0,0,0,0,0,0,0,0,0,0,0,0,0,5371155,
0,0,0,0,0,0,0,0,0,0,0,0,0,0,0,0,0,0,0,0,6271826,
0,0,0,0,0,0,0,0,0,0,0,0,0,0,0,0,0,0,0,0,8449569,
0,0,0,0,0,0,0,0,0,0,0,0,0,0,0,0,0,0,0,0,8595611,
0,0,0,0,0,0,0,0,0,0,0,0,0,0,0,0,0,0,0,0,6234285,
0,0,0,0,0,0,0,0,0,0,0,0,0,0,0,0,0,0,0,0,8618213,
0,0,0,0,0,0,0,0,0,0,0,0,0,0,0,0,0,0,0,0,7590044,
0,0,0,0,0,0,0,0,0,0,0,0,0,0,0,0,0,0,0,0,8008486,
0,0,0,0,0,0,0,0,0,0,0,0,0,0,0,0,0,0,0,0,7883183,
0,0,0,0,0,0,0,0,0,0,0,0,0,0,0,0,0,0,0,0,4211718,
0,0,0,0,0,0,0,0,0,0,0,0,0,0,0,0,0,0,0,0,5498041,
0,0,0,0,0,0,0,0,0,0,0,0,0,0,0,0,0,0,0,0,7707712,
0,0,0,0,0,0,0,0,0,0,0,0,0,0,0,0,0,0,0,0,6907457,
0,0,0,0,0,0,0,0,0,0,0,0,0,0,0,0,0,0,0,0,4167322,
0,0,0,0,0,0,0,0,0,0,0,0,0,0,0,0,0,0,0,0,5575584,
0,0,0,0,0,0,0,0,0,0,0,0,0,0,0,0,0,0,0,0,4068018,
0,0,0,0,0,0,0,0,0,0,0,0,0,0,0,0,0,0,0,0,6259537,
0,0,0,0,0,0,0,0,0,0,0,0,0,0,0,0,0,0,0,0,4775900,
0,0,0,0,0,0,0,0,0,0,0,0,0,0,0,0,0,0,0,0,4402144,
0,0,0,0,0,0,0,0,0,0,0,0,0,0,0,0,0,0,0,0,8636038,
0,0,0,0,0,0,0,0,0,0,0,0,0,0,0,0,0,0,0,0,8530431,
0,0,0,0,0,0,0,0,0,0,0,0,0,0,0,0,0,0,0,0,4096931,
0,0,0,0,0,0,0,0,0,0,0,0,0,0,0,0,0,0,0,0,6580138,
0,0,0,0,0,0,0,0,0,0,0,0,0,0,0,0,0,0,0,0,6179972,
0,0,0,0,0,0,0,0,0,0,0,0,0,0,0,0,0,0,0,0,8560331,
0,0,0,0,0,0,0,0,0,0,0,0,0,0,0,0,0,0,0,0,8055957,
0,0,0,0,0,0,0,0,0,0,0,0,0,0,0,0,0,0,0,0,4125340,
0,0,0,0,0,0,0,0,0,0,0,0,0,0,0,0,0,0,0,0,7034517,
0,0,0,0,0,0,0,0,0,0,0,0,0,0,0,0,0,0,0,0,8092542,
0,0,0,0,0,0,0,0,0,0,0,0,0,0,0,0,0,0,0,0,6012106,
0,0,0,0,0,0,0,0,0,0,0,0,0,0,0,0,0,0,0,0,4337569,
0,0,0,0,0,0,0,0,0,0,0,0,0,0,0,0,0,0,0,0,7806397,
0,0,0,0,0,0,0,0,0,0,0,0,0,0,0,0,0,0,0,0,7495079,
0,0,0,0,0,0,0,0,0,0,0,0,0,0,0,0,0,0,0,0,7256939,
0,0,0,0,0,0,0,0,0,0,0,0,0,0,0,0,0,0,0,0,6536799,
0,0,0,0,0,0,0,0,0,0,0,0,0,0,0,0,0,0,0,0,7729311,
0,0,0,0,0,0,0,0,0,0,0,0,0,0,0,0,0,0,0,0,4007804,
0,0,0,0,0,0,0,0,0,0,0,0,0,0,0,0,0,0,0,0,5563289,
0,0,0,0,0,0,0,0,0,0,0,0,0,0,0,0,0,0,0,0,7820343,
0,0,0,0,0,0,0,0,0,0,0,0,0,0,0,0,0,0,0,0,8380370,
0,0,0,0,0,0,0,0,0,0,0,0,0,0,0,0,0,0,0,0,4023413,
0,0,0,0,0,0,0,0,0,0,0,0,0,0,0,0,0,0,0,0,5600391,
0,0,0,0,0,0,0,0,0,0,0,0,0,0,0,0,0,0,0,0,6512565,
0,0,0,0,0,0,0,0,0,0,0,0,0,0,0,0,0,0,0,0,7529707,
0,0,0,0,0,0,0,0,0,0,0,0,0,0,0,0,0,0,0,0,4362590,
0,0,0,0,0,0,0,0,0,0,0,0,0,0,0,0,0,0,0,0,7797397,
0,0,0,0,0,0,0,0,0,0,0,0,0,0,0,0,0,0,0,0,6970539,
0,0,0,0,0,0,0,0,0,0,0,0,0,0,0,0,0,0,0,0,5074110,
0,0,0,0,0,0,0,0,0,0,0,0,0,0,0,0,0,0,0,0,5107604,
0,0,0,0,0,0,0,0,0,0,0,0,0,0,0,0,0,0,0,0,4025163,
0,0,0,0,0,0,0,0,0,0,0,0,0,0,0,0,0,0,0,0,8115398,
0,0,0,0,0,0,0,0,0,0,0,0,0,0,0,0,0,0,0,0,4254175,
0,0,0,0,0,0,0,0,0,0,0,0,0,0,0,0,0,0,0,0,6874477,
0,0,0,0,0,0,0,0,0,0,0,0,0,0,0,0,0,0,0,0,7051924,
0,0,0,0,0,0,0,0,0,0,0,0,0,0,0,0,0,0,0,0,7451227,
0,0,0,0,0,0,0,0,0,0,0,0,0,0,0,0,0,0,0,0,4455612,
0,0,0,0,0,0,0,0,0,0,0,0,0,0,0,0,0,0,0,0,7603475,
0,0,0,0,0,0,0,0,0,0,0,0,0,0,0,0,0,0,0,0,6569493,
0,0,0,0,0,0,0,0,0,0,0,0,0,0,0,0,0,0,0,0,6989336,
0,0,0,0,0,0,0,0,0,0,0,0,0,0,0,0,0,0,0,0,7061101,
0,0,0,0,0,0,0,0,0,0,0,0,0,0,0,0,0,0,0,0,4092317,
0,0,0,0,0,0,0,0,0,0,0,0,0,0,0,0,0,0,0,0,8065190,
0,0,0,0,0,0,0,0,0,0,0,0,0,0,0,0,0,0,0,0,6899696,
0,0,0,0,0,0,0,0,0,0,0,0,0,0,0,0,0,0,0,0,8718323,
0,0,0,0,0,0,0,0,0,0,0,0,0,0,0,0,0,0,0,0,6550857,
0,0,0,0,0,0,0,0,0,0,0,0,0,0,0,0,0,0,0,0,4666141,
0,0,0,0,0,0,0,0,0,0,0,0,0,0,0,0,0,0,0,0,5215071,
0,0,0,0,0,0,0,0,0,0,0,0,0,0,0,0,0,0,0,0,7956105,
0,0,0,0,0,0,0,0,0,0,0,0,0,0,0,0,0,0,0,0,8538830,
0,0,0,0,0,0,0,0,0,0,0,0,0,0,0,0,0,0,0,0,7617047,
0,0,0,0,0,0,0,0,0,0,0,0,0,0,0,0,0,0,0,0,7030390,
0,0,0,0,0,0,0,0,0,0,0,0,0,0,0,0,0,0,0,0,6844301,
0,0,0,0,0,0,0,0,0,0,0,0,0,0,0,0,0,0,0,0,7328005,
0,0,0,0,0,0,0,0,0,0,0,0,0,0,0,0,0,0,0,0,4784302,
0,0,0,0,0,0,0,0,0,0,0,0,0,0,0,0,0,0,0,0,6042947,
0,0,0,0,0,0,0,0,0,0,0,0,0,0,0,0,0,0,0,0,8197852,
0,0,0,0,0,0,0,0,0,0,0,0,0,0,0,0,0,0,0,0,6938834,
0,0,0,0,0,0,0,0,0,0,0,0,0,0,0,0,0,0,0,0,4214858,
0,0,0,0,0,0,0,0,0,0,0,0,0,0,0,0,0,0,0,0,7109085,
0,0,0,0,0,0,0,0,0,0,0,0,0,0,0,0,0,0,0,0,8221644,
0,0,0,0,0,0,0,0,0,0,0,0,0,0,0,0,0,0,0,0,7121689,
0,0,0,0,0,0,0,0,0,0,0,0,0,0,0,0,0,0,0,0,4782669,
0,0,0,0,0,0,0,0,0,0,0,0,0,0,0,0,0,0,0,0,7844861,
0,0,0,0,0,0,0,0,0,0,0,0,0,0,0,0,0,0,0,0,7612452,
0,0,0,0,0,0,0,0,0,0,0,0,0,0,0,0,0,0,0,0,5366882,
0,0,0,0,0,0,0,0,0,0,0,0,0,0,0,0,0,0,0,0,4554826,
0,0,0,0,0,0,0,0,0,0,0,0,0,0,0,0,0,0,0,0,4482829,
0,0,0,0,0,0,0,0,0,0,0,0,0,0,0,0,0,0,0,0,4208500,
0,0,0,0,0,0,0,0,0,0,0,0,0,0,0,0,0,0,0,0,4200474,
0,0,0,0,0,0,0,0,0,0,0,0,0,0,0,0,0,0,0,0,8587642,
0,0,0,0,0,0,0,0,0,0,0,0,0,0,0,0,0,0,0,0,7596657,
0,0,0,0,0,0,0,0,0,0,0,0,0,0,0,0,0,0,0,0,7471514,
0,0,0,0,0,0,0,0,0,0,0,0,0,0,0,0,0,0,0,0,4027042,
0,0,0,0,0,0,0,0,0,0,0,0,0,0,0,0,0,0,0,0,7989762,
0,0,0,0,0,0,0,0,0,0,0,0,0,0,0,0,0,0,0,0,6358773,
0,0,0,0,0,0,0,0,0,0,0,0,0,0,0,0,0,0,0,0,6646320,
0,0,0,0,0,0,0,0,0,0,0,0,0,0,0,0,0,0,0,0,4401646,
0,0,0,0,0,0,0,0,0,0,0,0,0,0,0,0,0,0,0,0,7379099,
0,0,0,0,0,0,0,0,0,0,0,0,0,0,0,0,0,0,0,0,5018208,
0,0,0,0,0,0,0,0,0,0,0,0,0,0,0,0,0,0,0,0,6096876,
0,0,0,0,0,0,0,0,0,0,0,0,0,0,0,0,0,0,0,0,5118806,
0,0,0,0,0,0,0,0,0,0,0,0,0,0,0,0,0,0,0,0,6881234,
0,0,0,0,0,0,0,0,0,0,0,0,0,0,0,0,0,0,0,0,6212582,
0,0,0,0,0,0,0,0,0,0,0,0,0,0,0,0,0,0,0,0,4783926,
0,0,0,0,0,0,0,0,0,0,0,0,0,0,0,0,0,0,0,0,4720495,
0,0,0,0,0,0,0,0,0,0,0,0,0,0,0,0,0,0,0,0,6403257,
0,0,0,0,0,0,0,0,0,0,0,0,0,0,0,0,0,0,0,0,4669280,
0,0,0,0,0,0,0,0,0,0,0,0,0,0,0,0,0,0,0,0,4183640,
0,0,0,0,0,0,0,0,0,0,0,0,0,0,0,0,0,0,0,0,4017321,
0,0,0,0,0,0,0,0,0,0,0,0,0,0,0,0,0,0,0,0,4184998,
0,0,0,0,0,0,0,0,0,0,0,0,0,0,0,0,0,0,0,0,4105999,
0,0,0,0,0,0,0,0,0,0,0,0,0,0,0,0,0,0,0,0,4896922,
0,0,0,0,0,0,0,0,0,0,0,0,0,0,0,0,0,0,0,0,4880350,
0,0,0,0,0,0,0,0,0,0,0,0,0,0,0,0,0,0,0,0,5518763,
0,0,0,0,0,0,0,0,0,0,0,0,0,0,0,0,0,0,0,0,4191290,
0,0,0,0,0,0,0,0,0,0,0,0,0,0,0,0,0,0,0,0,4747119,
0,0,0,0,0,0,0,0,0,0,0,0,0,0,0,0,0,0,0,0,7894857,
0,0,0,0,0,0,0,0,0,0,0,0,0,0,0,0,0,0,0,0,5418242,
0,0,0,0,0,0,0,0,0,0,0,0,0,0,0,0,0,0,0,0,8477229,
0,0,0,0,0,0,0,0,0,0,0,0,0,0,0,0,0,0,0,0,6013054,
0,0,0,0,0,0,0,0,0,0,0,0,0,0,0,0,0,0,0,0,5331964,
0,0,0,0,0,0,0,0,0,0,0,0,0,0,0,0,0,0,0,0,8512119,
0,0,0,0,0,0,0,0,0,0,0,0,0,0,0,0,0,0,0,0,6941288,
0,0,0,0,0,0,0,0,0,0,0,0,0,0,0,0,0,0,0,0,5423652,
0,0,0,0,0,0,0,0,0,0,0,0,0,0,0,0,0,0,0,0,5655499,
0,0,0,0,0,0,0,0,0,0,0,0,0,0,0,0,0,0,0,0,4473831,
0,0,0,0,0,0,0,0,0,0,0,0,0,0,0,0,0,0,0,0,4748728,
0,0,0,0,0,0,0,0,0,0,0,0,0,0,0,0,0,0,0,0,5029003,
0,0,0,0,0,0,0,0,0,0,0,0,0,0,0,0,0,0,0,0,4250715,
0,0,0,0,0,0,0,0,0,0,0,0,0,0,0,0,0,0,0,0,6344866,
0,0,0,0,0,0,0,0,0,0,0,0,0,0,0,0,0,0,0,0,6690401,
0,0,0,0,0,0,0,0,0,0,0,0,0,0,0,0,0,0,0,0,5458887,
0,0,0,0,0,0,0,0,0,0,0,0,0,0,0,0,0,0,0,0,6845620,
0,0,0,0,0,0,0,0,0,0,0,0,0,0,0,0,0,0,0,0,8612245,
0,0,0,0,0,0,0,0,0,0,0,0,0,0,0,0,0,0,0,0,6163932,
0,0,0,0,0,0,0,0,0,0,0,0,0,0,0,0,0,0,0,0,7342325,
0,0,0,0,0,0,0,0,0,0,0,0,0,0,0,0,0,0,0,0,5337395,
0,0,0,0,0,0,0,0,0,0,0,0,0,0,0,0,0,0,0,0,4002533,
0,0,0,0,0,0,0,0,0,0,0,0,0,0,0,0,0,0,0,0,8067769,
0,0,0,0,0,0,0,0,0,0,0,0,0,0,0,0,0,0,0,0,6532966,
0,0,0,0,0,0,0,0,0,0,0,0,0,0,0,0,0,0,0,0,7574030,
0,0,0,0,0,0,0,0,0,0,0,0,0,0,0,0,0,0,0,0,7904482,
0,0,0,0,0,0,0,0,0,0,0,0,0,0,0,0,0,0,0,0,8333072,
0,0,0,0,0,0,0,0,0,0,0,0,0,0,0,0,0,0,0,0,5179429,
0,0,0,0,0,0,0,0,0,0,0,0,0,0,0,0,0,0,0,0,7889465,
0,0,0,0,0,0,0,0,0,0,0,0,0,0,0,0,0,0,0,0,7123948,
0,0,0,0,0,0,0,0,0,0,0,0,0,0,0,0,0,0,0,0,7193326,
0,0,0,0,0,0,0,0,0,0,0,0,0,0,0,0,0,0,0,0,5237687,
0,0,0,0,0,0,0,0,0,0,0,0,0,0,0,0,0,0,0,0,5410075,
0,0,0,0,0,0,0,0,0,0,0,0,0,0,0,0,0,0,0,0,5020599,
0,0,0,0,0,0,0,0,0,0,0,0,0,0,0,0,0,0,0,0,4332863,
0,0,0,0,0,0,0,0,0,0,0,0,0,0,0,0,0,0,0,0,5416906,
0,0,0,0,0,0,0,0,0,0,0,0,0,0,0,0,0,0,0,0,6298874,
0,0,0,0,0,0,0,0,0,0,0,0,0,0,0,0,0,0,0,0,7647128,
0,0,0,0,0,0,0,0,0,0,0,0,0,0,0,0,0,0,0,0,6410859,
0,0,0,0,0,0,0,0,0,0,0,0,0,0,0,0,0,0,0,0,7537423,
0,0,0,0,0,0,0,0,0,0,0,0,0,0,0,0,0,0,0,0,7494013,
0,0,0,0,0,0,0,0,0,0,0,0,0,0,0,0,0,0,0,0,8116973,
0,0,0,0,0,0,0,0,0,0,0,0,0,0,0,0,0,0,0,0,6992603,
0,0,0,0,0,0,0,0,0,0,0,0,0,0,0,0,0,0,0,0,7076957,
0,0,0,0,0,0,0,0,0,0,0,0,0,0,0,0,0,0,0,0,6489619,
0,0,0,0,0,0,0,0,0,0,0,0,0,0,0,0,0,0,0,0,7194401,
0,0,0,0,0,0,0,0,0,0,0,0,0,0,0,0,0,0,0,0,7896016,
0,0,0,0,0,0,0,0,0,0,0,0,0,0,0,0,0,0,0,0,7163710,
0,0,0,0,0,0,0,0,0,0,0,0,0,0,0,0,0,0,0,0,7563592,
0,0,0,0,0,0,0,0,0,0,0,0,0,0,0,0,0,0,0,0,4647490,
0,0,0,0,0,0,0,0,0,0,0,0,0,0,0,0,0,0,0,0,5229338,
0,0,0,0,0,0,0,0,0,0,0,0,0,0,0,0,0,0,0,0,4537301,
0,0,0,0,0,0,0,0,0,0,0,0,0,0,0,0,0,0,0,0,3969298,
0,0,0,0,0,0,0,0,0,0,0,0,0,0,0,0,0,0,0,0,5165890,
0,0,0,0,0,0,0,0,0,0,0,0,0,0,0,0,0,0,0,0,7976088,
0,0,0,0,0,0,0,0,0,0,0,0,0,0,0,0,0,0,0,0,7475955,
0,0,0,0,0,0,0,0,0,0,0,0,0,0,0,0,0,0,0,0,5500854,
0,0,0,0,0,0,0,0,0,0,0,0,0,0,0,0,0,0,0,0,7575409,
0,0,0,0,0,0,0,0,0,0,0,0,0,0,0,0,0,0,0,0,8051000,
0,0,0,0,0,0,0,0,0,0,0,0,0,0,0,0,0,0,0,0,7324505,
0,0,0,0,0,0,0,0,0,0,0,0,0,0,0,0,0,0,0,0,8212447,
0,0,0,0,0,0,0,0,0,0,0,0,0,0,0,0,0,0,0,0,7977360,
0,0,0,0,0,0,0,0,0,0,0,0,0,0,0,0,0,0,0,0,8069914,
0,0,0,0,0,0,0,0,0,0,0,0,0,0,0,0,0,0,0,0,6439432,
0,0,0,0,0,0,0,0,0,0,0,0,0,0,0,0,0,0,0,0,6405354,
0,0,0,0,0,0,0,0,0,0,0,0,0,0,0,0,0,0,0,0,6337970,
0,0,0,0,0,0,0,0,0,0,0,0,0,0,0,0,0,0,0,0,7062255,
0,0,0,0,0,0,0,0,0,0,0,0,0,0,0,0,0,0,0,0,5595322,
0,0,0,0,0,0,0,0,0,0,0,0,0,0,0,0,0,0,0,0,5184322,
0,0,0,0,0,0,0,0,0,0,0,0,0,0,0,0,0,0,0,0,7199078,
0,0,0,0,0,0,0,0,0,0,0,0,0,0,0,0,0,0,0,0,6107324,
0,0,0,0,0,0,0,0,0,0,0,0,0,0,0,0,0,0,0,0,3968484,
0,0,0,0,0,0,0,0,0,0,0,0,0,0,0,0,0,0,0,0,5475985,
0,0,0,0,0,0,0,0,0,0,0,0,0,0,0,0,0,0,0,0,6146287,
0,0,0,0,0,0,0,0,0,0,0,0,0,0,0,0,0,0,0,0,7693377,
0,0,0,0,0,0,0,0,0,0,0,0,0,0,0,0,0,0,0,0,3943908,
0,0,0,0,0,0,0,0,0,0,0,0,0,0,0,0,0,0,0,0,4853899,
0,0,0,0,0,0,0,0,0,0,0,0,0,0,0,0,0,0,0,0,8067968,
0,0,0,0,0,0,0,0,0,0,0,0,0,0,0,0,0,0,0,0,6153675,
0,0,0,0,0,0,0,0,0,0,0,0,0,0,0,0,0,0,0,0,6359835,
0,0,0,0,0,0,0,0,0,0,0,0,0,0,0,0,0,0,0,0,7627456,
0,0,0,0,0,0,0,0,0,0,0,0,0,0,0,0,0,0,0,0,7662332,
0,0,0,0,0,0,0,0,0,0,0,0,0,0,0,0,0,0,0,0,8047382,
0,0,0,0,0,0,0,0,0,0,0,0,0,0,0,0,0,0,0,0,4759546,
0,0,0,0,0,0,0,0,0,0,0,0,0,0,0,0,0,0,0,0,6633221,
0,0,0,0,0,0,0,0,0,0,0,0,0,0,0,0,0,0,0,0,5037357,
0,0,0,0,0,0,0,0,0,0,0,0,0,0,0,0,0,0,0,0,6628433,
0,0,0,0,0,0,0,0,0,0,0,0,0,0,0,0,0,0,0,0,8661578,
0,0,0,0,0,0,0,0,0,0,0,0,0,0,0,0,0,0,0,0,4174466,
0,0,0,0,0,0,0,0,0,0,0,0,0,0,0,0,0,0,0,0,4762363,
0,0,0,0,0,0,0,0,0,0,0,0,0,0,0,0,0,0,0,0,7881106,
0,0,0,0,0,0,0,0,0,0,0,0,0,0,0,0,0,0,0,0,7028345,
0,0,0,0,0,0,0,0,0,0,0,0,0,0,0,0,0,0,0,0,8676956,
0,0,0,0,0,0,0,0,0,0,0,0,0,0,0,0,0,0,0,0,4396633,
0,0,0,0,0,0,0,0,0,0,0,0,0,0,0,0,0,0,0,0,6619300,
0,0,0,0,0,0,0,0,0,0,0,0,0,0,0,0,0,0,0,0,4587785,
0,0,0,0,0,0,0,0,0,0,0,0,0,0,0,0,0,0,0,0,6429119,
0,0,0,0,0,0,0,0,0,0,0,0,0,0,0,0,0,0,0,0,7332962,
0,0,0,0,0,0,0,0,0,0,0,0,0,0,0,0,0,0,0,0,6463126,
0,0,0,0,0,0,0,0,0,0,0,0,0,0,0,0,0,0,0,0,6138872,
0,0,0,0,0,0,0,0,0,0,0,0,0,0,0,0,0,0,0,0,5638000,
0,0,0,0,0,0,0,0,0,0,0,0,0,0,0,0,0,0,0,0,7382787,
0,0,0,0,0,0,0,0,0,0,0,0,0,0,0,0,0,0,0,0,7600546,
0,0,0,0,0,0,0,0,0,0,0,0,0,0,0,0,0,0,0,0,5430050,
0,0,0,0,0,0,0,0,0,0,0,0,0,0,0,0,0,0,0,0,7917963,
0,0,0,0,0,0,0,0,0,0,0,0,0,0,0,0,0,0,0,0,3943765,
0,0,0,0,0,0,0,0,0,0,0,0,0,0,0,0,0,0,0,0,8028882,
0,0,0,0,0,0,0,0,0,0,0,0,0,0,0,0,0,0,0,0,5419888,
0,0,0,0,0,0,0,0,0,0,0,0,0,0,0,0,0,0,0,0,4679896,
0,0,0,0,0,0,0,0,0,0,0,0,0,0,0,0,0,0,0,0,4808880,
0,0,0,0,0,0,0,0,0,0,0,0,0,0,0,0,0,0,0,0,4466628,
0,0,0,0,0,0,0,0,0,0,0,0,0,0,0,0,0,0,0,0,6195040,
0,0,0,0,0,0,0,0,0,0,0,0,0,0,0,0,0,0,0,0,6087457,
0,0,0,0,0,0,0,0,0,0,0,0,0,0,0,0,0,0,0,0,4740603,
0,0,0,0,0,0,0,0,0,0,0,0,0,0,0,0,0,0,0,0,5480350,
0,0,0,0,0,0,0,0,0,0,0,0,0,0,0,0,0,0,0,0,6245622,
0,0,0,0,0,0,0,0,0,0,0,0,0,0,0,0,0,0,0,0,6259338,
0,0,0,0,0,0,0,0,0,0,0,0,0,0,0,0,0,0,0,0,6110377,
0,0,0,0,0,0,0,0,0,0,0,0,0,0,0,0,0,0,0,0,5302845,
0,0,0,0,0,0,0,0,0,0,0,0,0,0,0,0,0,0,0,0,7821031,
0,0,0,0,0,0,0,0,0,0,0,0,0,0,0,0,0,0,0,0,4048260,
0,0,0,0,0,0,0,0,0,0,0,0,0,0,0,0,0,0,0,0,4033076,
0,0,0,0,0,0,0,0,0,0,0,0,0,0,0,0,0,0,0,0,7099222,
0,0,0,0,0,0,0,0,0,0,0,0,0,0,0,0,0,0,0,0,6951830,
0,0,0,0,0,0,0,0,0,0,0,0,0,0,0,0,0,0,0,0,8465121,
0,0,0,0,0,0,0,0,0,0,0,0,0,0,0,0,0,0,0,0,8267751,
0,0,0,0,0,0,0,0,0,0,0,0,0,0,0,0,0,0,0,0,4458297,
0,0,0,0,0,0,0,0,0,0,0,0,0,0,0,0,0,0,0,0,4398158,
0,0,0,0,0,0,0,0,0,0,0,0,0,0,0,0,0,0,0,0,4207277,
0,0,0,0,0,0,0,0,0,0,0,0,0,0,0,0,0,0,0,0,8474738,
0,0,0,0,0,0,0,0,0,0,0,0,0,0,0,0,0,0,0,0,7655830,
0,0,0,0,0,0,0,0,0,0,0,0,0,0,0,0,0,0,0,0,7235696,
0,0,0,0,0,0,0,0,0,0,0,0,0,0,0,0,0,0,0,0,8105861,
0,0,0,0,0,0,0,0,0,0,0,0,0,0,0,0,0,0,0,0,7646443,
0,0,0,0,0,0,0,0,0,0,0,0,0,0,0,0,0,0,0,0,6868805,
0,0,0,0,0,0,0,0,0,0,0,0,0,0,0,0,0,0,0,0,5523336,
0,0,0,0,0,0,0,0,0,0,0,0,0,0,0,0,0,0,0,0,8396898,
0,0,0,0,0,0,0,0,0,0,0,0,0,0,0,0,0,0,0,0,4953156,
0,0,0,0,0,0,0,0,0,0,0,0,0,0,0,0,0,0,0,0,8349265,
0,0,0,0,0,0,0,0,0,0,0,0,0,0,0,0,0,0,0,0,8372402,
0,0,0,0,0,0,0,0,0,0,0,0,0,0,0,0,0,0,0,0,4011617,
0,0,0,0,0,0,0,0,0,0,0,0,0,0,0,0,0,0,0,0,7925765,
0,0,0,0,0,0,0,0,0,0,0,0,0,0,0,0,0,0,0,0,6242511,
0,0,0,0,0,0,0,0,0,0,0,0,0,0,0,0,0,0,0,0,4466122,
0,0,0,0,0,0,0,0,0,0,0,0,0,0,0,0,0,0,0,0,7598017,
0,0,0,0,0,0,0,0,0,0,0,0,0,0,0,0,0,0,0,0,4522972,
0,0,0,0,0,0,0,0,0,0,0,0,0,0,0,0,0,0,0,0,4987024,
0,0,0,0,0,0,0,0,0,0,0,0,0,0,0,0,0,0,0,0,8419456,
0,0,0,0,0,0,0,0,0,0,0,0,0,0,0,0,0,0,0,0,7924824,
0,0,0,0,0,0,0,0,0,0,0,0,0,0,0,0,0,0,0,0,3985730,
0,0,0,0,0,0,0,0,0,0,0,0,0,0,0,0,0,0,0,0,4456046,
0,0,0,0,0,0,0,0,0,0,0,0,0,0,0,0,0,0,0,0,4377442,
0,0,0,0,0,0,0,0,0,0,0,0,0,0,0,0,0,0,0,0,8594396,
0,0,0,0,0,0,0,0,0,0,0,0,0,0,0,0,0,0,0,0,8026094,
0,0,0,0,0,0,0,0,0,0,0,0,0,0,0,0,0,0,0,0,4110855,
0,0,0,0,0,0,0,0,0,0,0,0,0,0,0,0,0,0,0,0,5114451,
0,0,0,0,0,0,0,0,0,0,0,0,0,0,0,0,0,0,0,0,7106947,
0,0,0,0,0,0,0,0,0,0,0,0,0,0,0,0,0,0,0,0,7291727,
0,0,0,0,0,0,0,0,0,0,0,0,0,0,0,0,0,0,0,0,8253295,
0,0,0,0,0,0,0,0,0,0,0,0,0,0,0,0,0,0,0,0,4312069,
0,0,0,0,0,0,0,0,0,0,0,0,0,0,0,0,0,0,0,0,4801949,
0,0,0,0,0,0,0,0,0,0,0,0,0,0,0,0,0,0,0,0,7138988,
0,0,0,0,0,0,0,0,0,0,0,0,0,0,0,0,0,0,0,0,4334681,
0,0,0,0,0,0,0,0,0,0,0,0,0,0,0,0,0,0,0,0,5542750,
0,0,0,0,0,0,0,0,0,0,0,0,0,0,0,0,0,0,0,0,4757233,
0,0,0,0,0,0,0,0,0,0,0,0,0,0,0,0,0,0,0,0,7731627,
0,0,0,0,0,0,0,0,0,0,0,0,0,0,0,0,0,0,0,0,8290638,
0,0,0,0,0,0,0,0,0,0,0,0,0,0,0,0,0,0,0,0,6278597,
0,0,0,0,0,0,0,0,0,0,0,0,0,0,0,0,0,0,0,0,4373307,
0,0,0,0,0,0,0,0,0,0,0,0,0,0,0,0,0,0,0,0,6554070,
0,0,0,0,0,0,0,0,0,0,0,0,0,0,0,0,0,0,0,0,4597995,
0,0,0,0,0,0,0,0,0,0,0,0,0,0,0,0,0,0,0,0,6902081,
0,0,0,0,0,0,0,0,0,0,0,0,0,0,0,0,0,0,0,0,6331911,
0,0,0,0,0,0,0,0,0,0,0,0,0,0,0,0,0,0,0,0,7516998,
0,0,0,0,0,0,0,0,0,0,0,0,0,0,0,0,0,0,0,0,4254999,
0,0,0,0,0,0,0,0,0,0,0,0,0,0,0,0,0,0,0,0,8278590,
0,0,0,0,0,0,0,0,0,0,0,0,0,0,0,0,0,0,0,0,5392574,
0,0,0,0,0,0,0,0,0,0,0,0,0,0,0,0,0,0,0,0,5204660,
0,0,0,0,0,0,0,0,0,0,0,0,0,0,0,0,0,0,0,0,4651516,
0,0,0,0,0,0,0,0,0,0,0,0,0,0,0,0,0,0,0,0,5302184,
0,0,0,0,0,0,0,0,0,0,0,0,0,0,0,0,0,0,0,0,4743477,
0,0,0,0,0,0,0,0,0,0,0,0,0,0,0,0,0,0,0,0,6157249,
0,0,0,0,0,0,0,0,0,0,0,0,0,0,0,0,0,0,0,0,8685917,
0,0,0,0,0,0,0,0,0,0,0,0,0,0,0,0,0,0,0,0,8599305,
0,0,0,0,0,0,0,0,0,0,0,0,0,0,0,0,0,0,0,0,5649276,
0,0,0,0,0,0,0,0,0,0,0,0,0,0,0,0,0,0,0,0,7413662,
0,0,0,0,0,0,0,0,0,0,0,0,0,0,0,0,0,0,0,0,7551878,
0,0,0,0,0,0,0,0,0,0,0,0,0,0,0,0,0,0,0,0,4546275,
0,0,0,0,0,0,0,0,0,0,0,0,0,0,0,0,0,0,0,0,5628814,
0,0,0,0,0,0,0,0,0,0,0,0,0,0,0,0,0,0,0,0,7821937,
0,0,0,0,0,0,0,0,0,0,0,0,0,0,0,0,0,0,0,0,5036598,
0,0,0,0,0,0,0,0,0,0,0,0,0,0,0,0,0,0,0,0,4405306,
0,0,0,0,0,0,0,0,0,0,0,0,0,0,0,0,0,0,0,0,6045388,
0,0,0,0,0,0,0,0,0,0,0,0,0,0,0,0,0,0,0,0,5281443,
0,0,0,0,0,0,0,0,0,0,0,0,0,0,0,0,0,0,0,0,8409268,
0,0,0,0,0,0,0,0,0,0,0,0,0,0,0,0,0,0,0,0,4266299,
0,0,0,0,0,0,0,0,0,0,0,0,0,0,0,0,0,0,0,0,6142966,
0,0,0,0,0,0,0,0,0,0,0,0,0,0,0,0,0,0,0,0,6632073,
0,0,0,0,0,0,0,0,0,0,0,0,0,0,0,0,0,0,0,0,8469778,
0,0,0,0,0,0,0,0,0,0,0,0,0,0,0,0,0,0,0,0,6430654,
0,0,0,0,0,0,0,0,0,0,0,0,0,0,0,0,0,0,0,0,6497644,
0,0,0,0,0,0,0,0,0,0,0,0,0,0,0,0,0,0,0,0,5316513,
0,0,0,0,0,0,0,0,0,0,0,0,0,0,0,0,0,0,0,0,4841715,
0,0,0,0,0,0,0,0,0,0,0,0,0,0,0,0,0,0,0,0,4385776,
0,0,0,0,0,0,0,0,0,0,0,0,0,0,0,0,0,0,0,0,5625754,
0,0,0,0,0,0,0,0,0,0,0,0,0,0,0,0,0,0,0,0,8022893,
0,0,0,0,0,0,0,0,0,0,0,0,0,0,0,0,0,0,0,0,4718044,
0,0,0,0,0,0,0,0,0,0,0,0,0,0,0,0,0,0,0,0,5020011,
0,0,0,0,0,0,0,0,0,0,0,0,0,0,0,0,0,0,0,0,6907163,
0,0,0,0,0,0,0,0,0,0,0,0,0,0,0,0,0,0,0,0,8249560,
0,0,0,0,0,0,0,0,0,0,0,0,0,0,0,0,0,0,0,0,7049037,
0,0,0,0,0,0,0,0,0,0,0,0,0,0,0,0,0,0,0,0,7986922,
0,0,0,0,0,0,0,0,0,0,0,0,0,0,0,0,0,0,0,0,8135075,
0,0,0,0,0,0,0,0,0,0,0,0,0,0,0,0,0,0,0,0,8698155,
0,0,0,0,0,0,0,0,0,0,0,0,0,0,0,0,0,0,0,0,5011675,
0,0,0,0,0,0,0,0,0,0,0,0,0,0,0,0,0,0,0,0,6960450,
0,0,0,0,0,0,0,0,0,0,0,0,0,0,0,0,0,0,0,0,8717055,
0,0,0,0,0,0,0,0,0,0,0,0,0,0,0,0,0,0,0,0,7041792,
0,0,0,0,0,0,0,0,0,0,0,0,0,0,0,0,0,0,0,0,4026147,
0,0,0,0,0,0,0,0,0,0,0,0,0,0,0,0,0,0,0,0,6197271,
0,0,0,0,0,0,0,0,0,0,0,0,0,0,0,0,0,0,0,0,4020709,
0,0,0,0,0,0,0,0,0,0,0,0,0,0,0,0,0,0,0,0,8541213,
0,0,0,0,0,0,0,0,0,0,0,0,0,0,0,0,0,0,0,0,8283143,
0,0,0,0,0,0,0,0,0,0,0,0,0,0,0,0,0,0,0,0,8596574,
0,0,0,0,0,0,0,0,0,0,0,0,0,0,0,0,0,0,0,0,4769481,
0,0,0,0,0,0,0,0,0,0,0,0,0,0,0,0,0,0,0,0,8684127,
0,0,0,0,0,0,0,0,0,0,0,0,0,0,0,0,0,0,0,0,7458487,
0,0,0,0,0,0,0,0,0,0,0,0,0,0,0,0,0,0,0,0,7708479,
0,0,0,0,0,0,0,0,0,0,0,0,0,0,0,0,0,0,0,0,5264279,
0,0,0,0,0,0,0,0,0,0,0,0,0,0,0,0,0,0,0,0,7709565,
0,0,0,0,0,0,0,0,0,0,0,0,0,0,0,0,0,0,0,0,6881183,
0,0,0,0,0,0,0,0,0,0,0,0,0,0,0,0,0,0,0,0,4404044,
0,0,0,0,0,0,0,0,0,0,0,0,0,0,0,0,0,0,0,0,6303423,
0,0,0,0,0,0,0,0,0,0,0,0,0,0,0,0,0,0,0,0,8634835,
0,0,0,0,0,0,0,0,0,0,0,0,0,0,0,0,0,0,0,0,4624998,
0,0,0,0,0,0,0,0,0,0,0,0,0,0,0,0,0,0,0,0,4614052,
0,0,0,0,0,0,0,0,0,0,0,0,0,0,0,0,0,0,0,0,3990733,
0,0,0,0,0,0,0,0,0,0,0,0,0,0,0,0,0,0,0,0,6998305,
0,0,0,0,0,0,0,0,0,0,0,0,0,0,0,0,0,0,0,0,4051023,
0,0,0,0,0,0,0,0,0,0,0,0,0,0,0,0,0,0,0,0,8596148,
0,0,0,0,0,0,0,0,0,0,0,0,0,0,0,0,0,0,0,0,4695402,
0,0,0,0,0,0,0,0,0,0,0,0,0,0,0,0,0,0,0,0,7002884,
0,0,0,0,0,0,0,0,0,0,0,0,0,0,0,0,0,0,0,0,7458860,
0,0,0,0,0,0,0,0,0,0,0,0,0,0,0,0,0,0,0,0,5417275,
0,0,0,0,0,0,0,0,0,0,0,0,0,0,0,0,0,0,0,0,7718724,
0,0,0,0,0,0,0,0,0,0,0,0,0,0,0,0,0,0,0,0,6949732,
0,0,0,0,0,0,0,0,0,0,0,0,0,0,0,0,0,0,0,0,3957453,
0,0,0,0,0,0,0,0,0,0,0,0,0,0,0,0,0,0,0,0,4689423,
0,0,0,0,0,0,0,0,0,0,0,0,0,0,0,0,0,0,0,0,6568758,
0,0,0,0,0,0,0,0,0,0,0,0,0,0,0,0,0,0,0,0,7367108,
0,0,0,0,0,0,0,0,0,0,0,0,0,0,0,0,0,0,0,0,4724915,
0,0,0,0,0,0,0,0,0,0,0,0,0,0,0,0,0,0,0,0,4027778,
0,0,0,0,0,0,0,0,0,0,0,0,0,0,0,0,0,0,0,0,6021184,
0,0,0,0,0,0,0,0,0,0,0,0,0,0,0,0,0,0,0,0,5384731,
0,0,0,0,0,0,0,0,0,0,0,0,0,0,0,0,0,0,0,0,4073674,
0,0,0,0,0,0,0,0,0,0,0,0,0,0,0,0,0,0,0,0,8599370,
0,0,0,0,0,0,0,0,0,0,0,0,0,0,0,0,0,0,0,0,5266134,
0,0,0,0,0,0,0,0,0,0,0,0,0,0,0,0,0,0,0,0,8532386,
0,0,0,0,0,0,0,0,0,0,0,0,0,0,0,0,0,0,0,0,7445823,
0,0,0,0,0,0,0,0,0,0,0,0,0,0,0,0,0,0,0,0,7345320,
0,0,0,0,0,0,0,0,0,0,0,0,0,0,0,0,0,0,0,0,4066791,
0,0,0,0,0,0,0,0,0,0,0,0,0,0,0,0,0,0,0,0,5198177,
0,0,0,0,0,0,0,0,0,0,0,0,0,0,0,0,0,0,0,0,8560974,
0,0,0,0,0,0,0,0,0,0,0,0,0,0,0,0,0,0,0,0,4959362,
0,0,0,0,0,0,0,0,0,0,0,0,0,0,0,0,0,0,0,0,4603223,
0,0,0,0,0,0,0,0,0,0,0,0,0,0,0,0,0,0,0,0,8102450,
0,0,0,0,0,0,0,0,0,0,0,0,0,0,0,0,0,0,0,0,4818978,
0,0,0,0,0,0,0,0,0,0,0,0,0,0,0,0,0,0,0,0,5593534,
0,0,0,0,0,0,0,0,0,0,0,0,0,0,0,0,0,0,0,0,7780431,
0,0,0,0,0,0,0,0,0,0,0,0,0,0,0,0,0,0,0,0,7970081,
0,0,0,0,0,0,0,0,0,0,0,0,0,0,0,0,0,0,0,0,8034213,
0,0,0,0,0,0,0,0,0,0,0,0,0,0,0,0,0,0,0,0,7572250,
0,0,0,0,0,0,0,0,0,0,0,0,0,0,0,0,0,0,0,0,5617321,
0,0,0,0,0,0,0,0,0,0,0,0,0,0,0,0,0,0,0,0,8704241,
0,0,0,0,0,0,0,0,0,0,0,0,0,0,0,0,0,0,0,0,6252217,
0,0,0,0,0,0,0,0,0,0,0,0,0,0,0,0,0,0,0,0,3995747,
0,0,0,0,0,0,0,0,0,0,0,0,0,0,0,0,0,0,0,0,8319934,
0,0,0,0,0,0,0,0,0,0,0,0,0,0,0,0,0,0,0,0,8432446,
0,0,0,0,0,0,0,0,0,0,0,0,0,0,0,0,0,0,0,0,5210647,
0,0,0,0,0,0,0,0,0,0,0,0,0,0,0,0,0,0,0,0,4567093,
0,0,0,0,0,0,0,0,0,0,0,0,0,0,0,0,0,0,0,0,7424637,
0,0,0,0,0,0,0,0,0,0,0,0,0,0,0,0,0,0,0,0,6452268,
0,0,0,0,0,0,0,0,0,0,0,0,0,0,0,0,0,0,0,0,7045653,
0,0,0,0,0,0,0,0,0,0,0,0,0,0,0,0,0,0,0,0,6569653,
0,0,0,0,0,0,0,0,0,0,0,0,0,0,0,0,0,0,0,0,6044937,
0,0,0,0,0,0,0,0,0,0,0,0,0,0,0,0,0,0,0,0,5054523,
0,0,0,0,0,0,0,0,0,0,0,0,0,0,0,0,0,0,0,0,5122173,
0,0,0,0,0,0,0,0,0,0,0,0,0,0,0,0,0,0,0,0,4798068,
0,0,0,0,0,0,0,0,0,0,0,0,0,0,0,0,0,0,0,0,4592859,
0,0,0,0,0,0,0,0,0,0,0,0,0,0,0,0,0,0,0,0,8725034,
0,0,0,0,0,0,0,0,0,0,0,0,0,0,0,0,0,0,0,0,7088381,
0,0,0,0,0,0,0,0,0,0,0,0,0,0,0,0,0,0,0,0,5233755,
0,0,0,0,0,0,0,0,0,0,0,0,0,0,0,0,0,0,0,0,4301564,
0,0,0,0,0,0,0,0,0,0,0,0,0,0,0,0,0,0,0,0,4892240,
0,0,0,0,0,0,0,0,0,0,0,0,0,0,0,0,0,0,0,0,4568598,
0,0,0,0,0,0,0,0,0,0,0,0,0,0,0,0,0,0,0,0,4414992,
0,0,0,0,0,0,0,0,0,0,0,0,0,0,0,0,0,0,0,0,4124302,
0,0,0,0,0,0,0,0,0,0,0,0,0,0,0,0,0,0,0,0,5239743,
0,0,0,0,0,0,0,0,0,0,0,0,0,0,0,0,0,0,0,0,7275716,
0,0,0,0,0,0,0,0,0,0,0,0,0,0,0,0,0,0,0,0,8106509,
0,0,0,0,0,0,0,0,0,0,0,0,0,0,0,0,0,0,0,0,6181119,
0,0,0,0,0,0,0,0,0,0,0,0,0,0,0,0,0,0,0,0,5577867,
0,0,0,0,0,0,0,0,0,0,0,0,0,0,0,0,0,0,0,0,6927622,
0,0,0,0,0,0,0,0,0,0,0,0,0,0,0,0,0,0,0,0,5624565,
0,0,0,0,0,0,0,0,0,0,0,0,0,0,0,0,0,0,0,0,5403618,
0,0,0,0,0,0,0,0,0,0,0,0,0,0,0,0,0,0,0,0,5137749,
0,0,0,0,0,0,0,0,0,0,0,0,0,0,0,0,0,0,0,0,6995683,
0,0,0,0,0,0,0,0,0,0,0,0,0,0,0,0,0,0,0,0,6505450,
0,0,0,0,0,0,0,0,0,0,0,0,0,0,0,0,0,0,0,0,7479720,
0,0,0,0,0,0,0,0,0,0,0,0,0,0,0,0,0,0,0,0,5476021,
0,0,0,0,0,0,0,0,0,0,0,0,0,0,0,0,0,0,0,0,6381281,
0,0,0,0,0,0,0,0,0,0,0,0,0,0,0,0,0,0,0,0,5166736,
0,0,0,0,0,0,0,0,0,0,0,0,0,0,0,0,0,0,0,0,6362732,
0,0,0,0,0,0,0,0,0,0,0,0,0,0,0,0,0,0,0,0,8490243,
0,0,0,0,0,0,0,0,0,0,0,0,0,0,0,0,0,0,0,0,6610914,
0,0,0,0,0,0,0,0,0,0,0,0,0,0,0,0,0,0,0,0,7031870,
0,0,0,0,0,0,0,0,0,0,0,0,0,0,0,0,0,0,0,0,7604321,
0,0,0,0,0,0,0,0,0,0,0,0,0,0,0,0,0,0,0,0,4413077,
0,0,0,0,0,0,0,0,0,0,0,0,0,0,0,0,0,0,0,0,4295884,
0,0,0,0,0,0,0,0,0,0,0,0,0,0,0,0,0,0,0,0,4740894,
0,0,0,0,0,0,0,0,0,0,0,0,0,0,0,0,0,0,0,0,6409412,
0,0,0,0,0,0,0,0,0,0,0,0,0,0,0,0,0,0,0,0,4036524,
0,0,0,0,0,0,0,0,0,0,0,0,0,0,0,0,0,0,0,0,7554696,
0,0,0,0,0,0,0,0,0,0,0,0,0,0,0,0,0,0,0,0,7905384,
0,0,0,0,0,0,0,0,0,0,0,0,0,0,0,0,0,0,0,0,4916320,
0,0,0,0,0,0,0,0,0,0,0,0,0,0,0,0,0,0,0,0,4037170,
0,0,0,0,0,0,0,0,0,0,0,0,0,0,0,0,0,0,0,0,6662267,
0,0,0,0,0,0,0,0,0,0,0,0,0,0,0,0,0,0,0,0,7394247,
0,0,0,0,0,0,0,0,0,0,0,0,0,0,0,0,0,0,0,0,6234238,
0,0,0,0,0,0,0,0,0,0,0,0,0,0,0,0,0,0,0,0,6590020,
0,0,0,0,0,0,0,0,0,0,0,0,0,0,0,0,0,0,0,0,7175119,
0,0,0,0,0,0,0,0,0,0,0,0,0,0,0,0,0,0,0,0,5412880,
0,0,0,0,0,0,0,0,0,0,0,0,0,0,0,0,0,0,0,0,4620098,
0,0,0,0,0,0,0,0,0,0,0,0,0,0,0,0,0,0,0,0,7062569,
0,0,0,0,0,0,0,0,0,0,0,0,0,0,0,0,0,0,0,0,7778759,
0,0,0,0,0,0,0,0,0,0,0,0,0,0,0,0,0,0,0,0,8267785,
0,0,0,0,0,0,0,0,0,0,0,0,0,0,0,0,0,0,0,0,4081691,
0,0,0,0,0,0,0,0,0,0,0,0,0,0,0,0,0,0,0,0,8565388,
0,0,0,0,0,0,0,0,0,0,0,0,0,0,0,0,0,0,0,0,7728719,
0,0,0,0,0,0,0,0,0,0,0,0,0,0,0,0,0,0,0,0,6880261,
0,0,0,0,0,0,0,0,0,0,0,0,0,0,0,0,0,0,0,0,5038793,
0,0,0,0,0,0,0,0,0,0,0,0,0,0,0,0,0,0,0,0,7261709,
0,0,0,0,0,0,0,0,0,0,0,0,0,0,0,0,0,0,0,0,5544609,
0,0,0,0,0,0,0,0,0,0,0,0,0,0,0,0,0,0,0,0,6132385,
0,0,0,0,0,0,0,0,0,0,0,0,0,0,0,0,0,0,0,0,6882686,
0,0,0,0,0,0,0,0,0,0,0,0,0,0,0,0,0,0,0,0,5156033,
0,0,0,0,0,0,0,0,0,0,0,0,0,0,0,0,0,0,0,0,4268324,
0,0,0,0,0,0,0,0,0,0,0,0,0,0,0,0,0,0,0,0,8225014,
0,0,0,0,0,0,0,0,0,0,0,0,0,0,0,0,0,0,0,0,8540362,
0,0,0,0,0,0,0,0,0,0,0,0,0,0,0,0,0,0,0,0,6200557,
0,0,0,0,0,0,0,0,0,0,0,0,0,0,0,0,0,0,0,0,5622012,
0,0,0,0,0,0,0,0,0,0,0,0,0,0,0,0,0,0,0,0,7250138,
0,0,0,0,0,0,0,0,0,0,0,0,0,0,0,0,0,0,0,0,7110158,
0,0,0,0,0,0,0,0,0,0,0,0,0,0,0,0,0,0,0,0,5272156,
0,0,0,0,0,0,0,0,0,0,0,0,0,0,0,0,0,0,0,0,4608656,
0,0,0,0,0,0,0,0,0,0,0,0,0,0,0,0,0,0,0,0,7289109,
0,0,0,0,0,0,0,0,0,0,0,0,0,0,0,0,0,0,0,0,8201553,
0,0,0,0,0,0,0,0,0,0,0,0,0,0,0,0,0,0,0,0,8028587,
0,0,0,0,0,0,0,0,0,0,0,0,0,0,0,0,0,0,0,0,6197794,
0,0,0,0,0,0,0,0,0,0,0,0,0,0,0,0,0,0,0,0,7276558,
0,0,0,0,0,0,0,0,0,0,0,0,0,0,0,0,0,0,0,0,5279263,
0,0,0,0,0,0,0,0,0,0,0,0,0,0,0,0,0,0,0,0,8598343,
0,0,0,0,0,0,0,0,0,0,0,0,0,0,0,0,0,0,0,0,7085072,
0,0,0,0,0,0,0,0,0,0,0,0,0,0,0,0,0,0,0,0,5313681,
0,0,0,0,0,0,0,0,0,0,0,0,0,0,0,0,0,0,0,0,7171414,
0,0,0,0,0,0,0,0,0,0,0,0,0,0,0,0,0,0,0,0,6157995,
0,0,0,0,0,0,0,0,0,0,0,0,0,0,0,0,0,0,0,0,7271924,
0,0,0,0,0,0,0,0,0,0,0,0,0,0,0,0,0,0,0,0,7627697,
0,0,0,0,0,0,0,0,0,0,0,0,0,0,0,0,0,0,0,0,4901631,
0,0,0,0,0,0,0,0,0,0,0,0,0,0,0,0,0,0,0,0,7704705,
0,0,0,0,0,0,0,0,0,0,0,0,0,0,0,0,0,0,0,0,7371311,
0,0,0,0,0,0,0,0,0,0,0,0,0,0,0,0,0,0,0,0,4409019,
0,0,0,0,0,0,0,0,0,0,0,0,0,0,0,0,0,0,0,0,4531476,
0,0,0,0,0,0,0,0,0,0,0,0,0,0,0,0,0,0,0,0,8134789,
0,0,0,0,0,0,0,0,0,0,0,0,0,0,0,0,0,0,0,0,7220236,
0,0,0,0,0,0,0,0,0,0,0,0,0,0,0,0,0,0,0,0,4384780,
0,0,0,0,0,0,0,0,0,0,0,0,0,0,0,0,0,0,0,0,6561491,
0,0,0,0,0,0,0,0,0,0,0,0,0,0,0,0,0,0,0,0,4458515,
0,0,0,0,0,0,0,0,0,0,0,0,0,0,0,0,0,0,0,0,7318455,
0,0,0,0,0,0,0,0,0,0,0,0,0,0,0,0,0,0,0,0,7040476,
0,0,0,0,0,0,0,0,0,0,0,0,0,0,0,0,0,0,0,0,5453985,
0,0,0,0,0,0,0,0,0,0,0,0,0,0,0,0,0,0,0,0,5097771,
0,0,0,0,0,0,0,0,0,0,0,0,0,0,0,0,0,0,0,0,3978756,
0,0,0,0,0,0,0,0,0,0,0,0,0,0,0,0,0,0,0,0,4431502,
0,0,0,0,0,0,0,0,0,0,0,0,0,0,0,0,0,0,0,0,5320793,
0,0,0,0,0,0,0,0,0,0,0,0,0,0,0,0,0,0,0,0,7312620,
0,0,0,0,0,0,0,0,0,0,0,0,0,0,0,0,0,0,0,0,7784851,
0,0,0,0,0,0,0,0,0,0,0,0,0,0,0,0,0,0,0,0,4949044,
0,0,0,0,0,0,0,0,0,0,0,0,0,0,0,0,0,0,0,0,5279084,
0,0,0,0,0,0,0,0,0,0,0,0,0,0,0,0,0,0,0,0,6199113,
0,0,0,0,0,0,0,0,0,0,0,0,0,0,0,0,0,0,0,0,7325846,
0,0,0,0,0,0,0,0,0,0,0,0,0,0,0,0,0,0,0,0,7184174,
0,0,0,0,0,0,0,0,0,0,0,0,0,0,0,0,0,0,0,0,7621777,
0,0,0,0,0,0,0,0,0,0,0,0,0,0,0,0,0,0,0,0,6336269,
0,0,0,0,0,0,0,0,0,0,0,0,0,0,0,0,0,0,0,0,6994416,
0,0,0,0,0,0,0,0,0,0,0,0,0,0,0,0,0,0,0,0,6885746,
0,0,0,0,0,0,0,0,0,0,0,0,0,0,0,0,0,0,0,0,6999937,
0,0,0,0,0,0,0,0,0,0,0,0,0,0,0,0,0,0,0,0,5510440,
0,0,0,0,0,0,0,0,0,0,0,0,0,0,0,0,0,0,0,0,5223310,
0,0,0,0,0,0,0,0,0,0,0,0,0,0,0,0,0,0,0,0,3941953,
0,0,0,0,0,0,0,0,0,0,0,0,0,0,0,0,0,0,0,0,7172023,
0,0,0,0,0,0,0,0,0,0,0,0,0,0,0,0,0,0,0,0,7994152,
0,0,0,0,0,0,0,0,0,0,0,0,0,0,0,0,0,0,0,0,4986107,
0,0,0,0,0,0,0,0,0,0,0,0,0,0,0,0,0,0,0,0,6894593,
0,0,0,0,0,0,0,0,0,0,0,0,0,0,0,0,0,0,0,0,8246650,
0,0,0,0,0,0,0,0,0,0,0,0,0,0,0,0,0,0,0,0,6063413,
0,0,0,0,0,0,0,0,0,0,0,0,0,0,0,0,0,0,0,0,3944086,
0,0,0,0,0,0,0,0,0,0,0,0,0,0,0,0,0,0,0,0,4491754,
0,0,0,0,0,0,0,0,0,0,0,0,0,0,0,0,0,0,0,0,8135541,
0,0,0,0,0,0,0,0,0,0,0,0,0,0,0,0,0,0,0,0,4124770,
0,0,0,0,0,0,0,0,0,0,0,0,0,0,0,0,0,0,0,0,6903847,
0,0,0,0,0,0,0,0,0,0,0,0,0,0,0,0,0,0,0,0,4033270,
0,0,0,0,0,0,0,0,0,0,0,0,0,0,0,0,0,0,0,0,7697082,
0,0,0,0,0,0,0,0,0,0,0,0,0,0,0,0,0,0,0,0,8572264,
0,0,0,0,0,0,0,0,0,0,0,0,0,0,0,0,0,0,0,0,7497907,
0,0,0,0,0,0,0,0,0,0,0,0,0,0,0,0,0,0,0,0,7434281,
0,0,0,0,0,0,0,0,0,0,0,0,0,0,0,0,0,0,0,0,4266661,
0,0,0,0,0,0,0,0,0,0,0,0,0,0,0,0,0,0,0,0,7398171,
0,0,0,0,0,0,0,0,0,0,0,0,0,0,0,0,0,0,0,0,4662670,
0,0,0,0,0,0,0,0,0,0,0,0,0,0,0,0,0,0,0,0,7692079,
0,0,0,0,0,0,0,0,0,0,0,0,0,0,0,0,0,0,0,0,7674760,
0,0,0,0,0,0,0,0,0,0,0,0,0,0,0,0,0,0,0,0,5153090,
0,0,0,0,0,0,0,0,0,0,0,0,0,0,0,0,0,0,0,0,6430632,
0,0,0,0,0,0,0,0,0,0,0,0,0,0,0,0,0,0,0,0,8015949,
0,0,0,0,0,0,0,0,0,0,0,0,0,0,0,0,0,0,0,0,8608978,
0,0,0,0,0,0,0,0,0,0,0,0,0,0,0,0,0,0,0,0,7643262,
0,0,0,0,0,0,0,0,0,0,0,0,0,0,0,0,0,0,0,0,6085364,
0,0,0,0,0,0,0,0,0,0,0,0,0,0,0,0,0,0,0,0,5086000,
0,0,0,0,0,0,0,0,0,0,0,0,0,0,0,0,0,0,0,0,6638290,
0,0,0,0,0,0,0,0,0,0,0,0,0,0,0,0,0,0,0,0,7480068,
0,0,0,0,0,0,0,0,0,0,0,0,0,0,0,0,0,0,0,0,5028469,
0,0,0,0,0,0,0,0,0,0,0,0,0,0,0,0,0,0,0,0,7141433,
0,0,0,0,0,0,0,0,0,0,0,0,0,0,0,0,0,0,0,0,5338274,
0,0,0,0,0,0,0,0,0,0,0,0,0,0,0,0,0,0,0,0,8091894,
0,0,0,0,0,0,0,0,0,0,0,0,0,0,0,0,0,0,0,0,8738916,
0,0,0,0,0,0,0,0,0,0,0,0,0,0,0,0,0,0,0,0,5042531,
0,0,0,0,0,0,0,0,0,0,0,0,0,0,0,0,0,0,0,0,4948335,
0,0,0,0,0,0,0,0,0,0,0,0,0,0,0,0,0,0,0,0,7360619,
0,0,0,0,0,0,0,0,0,0,0,0,0,0,0,0,0,0,0,0,8015916,
0,0,0,0,0,0,0,0,0,0,0,0,0,0,0,0,0,0,0,0,6076397,
0,0,0,0,0,0,0,0,0,0,0,0,0,0,0,0,0,0,0,0,7854766,
0,0,0,0,0,0,0,0,0,0,0,0,0,0,0,0,0,0,0,0,5009235,
0,0,0,0,0,0,0,0,0,0,0,0,0,0,0,0,0,0,0,0,4421487,
0,0,0,0,0,0,0,0,0,0,0,0,0,0,0,0,0,0,0,0,7590899,
0,0,0,0,0,0,0,0,0,0,0,0,0,0,0,0,0,0,0,0,5392178,
0,0,0,0,0,0,0,0,0,0,0,0,0,0,0,0,0,0,0,0,4586410,
0,0,0,0,0,0,0,0,0,0,0,0,0,0,0,0,0,0,0,0,7063335,
0,0,0,0,0,0,0,0,0,0,0,0,0,0,0,0,0,0,0,0,6116079,
0,0,0,0,0,0,0,0,0,0,0,0,0,0,0,0,0,0,0,0,6937218,
0,0,0,0,0,0,0,0,0,0,0,0,0,0,0,0,0,0,0,0,6073426,
0,0,0,0,0,0,0,0,0,0,0,0,0,0,0,0,0,0,0,0,4635026,
0,0,0,0,0,0,0,0,0,0,0,0,0,0,0,0,0,0,0,0,4415349,
0,0,0,0,0,0,0,0,0,0,0,0,0,0,0,0,0,0,0,0,6262970,
0,0,0,0,0,0,0,0,0,0,0,0,0,0,0,0,0,0,0,0,6333907,
0,0,0,0,0,0,0,0,0,0,0,0,0,0,0,0,0,0,0,0,4217440,
0,0,0,0,0,0,0,0,0,0,0,0,0,0,0,0,0,0,0,0,5333353,
0,0,0,0,0,0,0,0,0,0,0,0,0,0,0,0,0,0,0,0,7272316,
0,0,0,0,0,0,0,0,0,0,0,0,0,0,0,0,0,0,0,0,7803635,
0,0,0,0,0,0,0,0,0,0,0,0,0,0,0,0,0,0,0,0,7322797,
0,0,0,0,0,0,0,0,0,0,0,0,0,0,0,0,0,0,0,0,7943400,
0,0,0,0,0,0,0,0,0,0,0,0,0,0,0,0,0,0,0,0,8096137,
0,0,0,0,0,0,0,0,0,0,0,0,0,0,0,0,0,0,0,0,7728207,
0,0,0,0,0,0,0,0,0,0,0,0,0,0,0,0,0,0,0,0,4778944,
0,0,0,0,0,0,0,0,0,0,0,0,0,0,0,0,0,0,0,0,4352035,
0,0,0,0,0,0,0,0,0,0,0,0,0,0,0,0,0,0,0,0,5307568,
0,0,0,0,0,0,0,0,0,0,0,0,0,0,0,0,0,0,0,0,7705275,
0,0,0,0,0,0,0,0,0,0,0,0,0,0,0,0,0,0,0,0,8739528,
0,0,0,0,0,0,0,0,0,0,0,0,0,0,0,0,0,0,0,0,4248132,
